MAKE,MODEL,MYR,OL,OW,OH,WB,CW,A1,B1,C1,D1,E1,F1,G1,TWF,TWR,WDIST
ACURA,ILX 4DR SEDAN,16,462,180,141,267,1415,125,54,30,79,114,100,94,151,152,60/40
ACURA,MDX 4DR SUV AWD,17,498,196,171,282,1970,124,186,40,89,120,104,111,169,168,58/42
ACURA,NSX,15,447,194,122,263,1725,N/A,N/A,N/A,N/A,N/A,N/A,N/A,166,162,42/58
ACURA,RDX 4DR SUV AWD,16,466,187,169,268,1749,129,158,36,86,123,99,99,160,161,59/41
ACURA,RLX 4DR SEDAN AWD HYBRID,13,499,190,146,285,1980,133,56,37,80,113,100,114,163,163,57/43
ACURA,TLX 4DR SEDAN FWD,15,483,185,145,278,1579,138,50,35,81,112,100,107,160,160,60/40
ACURA,TLX 4DR SEDAN SH-AWD,15,483,185,145,278,1700,138,50,35,81,112,100,107,160,160,61/39
ALFA ROMEO,4C 2DR COUPE,14,399,187,118,238,1118,114,25,26,81,105,86,75,164,160,41/59
ALFA ROMEO,4C 2DR SPIDER,14,399,187,118,238,1128,114,N/A,26,81,105,86,75,164,160,41/59
ALFA ROMEO,GUILIA BASE/Ti RWD 4DR SEDAN,16,465,185,141,282,1429,140,47,36,85,102,80,103,155,160,50/50
ALFA ROMEO,GUILIA QUADRIFOGLIO 4DR SEDAN,16,465,185,141,282,1603,140,47,36,85,102,80,103,155,160,50/50
ALFA ROMEO,GUILIA Ti AWD 4DR SEDAN,16,465,185,141,282,1530,140,47,36,85,102,80,103,155,160,50/50
ASTON MARTIN,DB11,17,476,194,128,281,1854,163,43,28,78,111,95,100,166,166,49/51
ASTON MARTIN,RAPIDE S 4DR SEDAN RWD,11,502,193,136,299,1990,N/A,N/A,N/A,N/A,N/A,N/A,N/A,N/A,N/A,N/A
ASTON MARTIN,VANQUISH 2DR COUPE RWD,08,472,191,128,274,1739,N/A,N/A,N/A,N/A,N/A,N/A,N/A,N/A,N/A,51/49
ASTON MARTIN,VANQUISH 2DR VOLANTE RWD,08,472,191,129,274,1844,N/A,N/A,N/A,N/A,N/A,N/A,N/A,N/A,N/A,51/49
ASTON MARTIN,VANTAGE 2DR COUPE RWD V8/V8 S/V12,06,438,187,126,260,1630,N/A,N/A,N/A,N/A,N/A,N/A,N/A,157,159,N/A
ASTON MARTIN,VANTAGE ROADSTER 2DR CONV RWD V8/V8 S,07,438,187,126,260,1710,N/A,N/A,N/A,N/A,N/A,N/A,N/A,157,159,N/A
AUDI,A3 CABRIOLET,14,444,180,136,260,1625,120,64,31,81,126,87,97,154,151,60/40
AUDI,A3 SEDAN 2.0 TFSI,14,446,180,142,264,1525,120,47,34,78,108,87,95,156,153,60/40
AUDI,A3 SPORTBACK e-tron,15,431,179,143,264,1640,120,129,34,78,106,87,81,154,151,55/45
AUDI,A4 4DR SEDAN,16,473,181,140,282,1645,137,54,34,82,104,88,103,157,155,56/44
AUDI,A4 ALLROAD,17,475,184,149,282,1735,138,157,34,82,104,89,104,158,157,N/A
AUDI,A5 2DR COUPE 2.0 TFSI QUATTRO,08,464,185,137,275,1625,124,48,33,77,111,88,101,157,157,52/48
AUDI,A6 4DR SEDAN 2.0 TFSI QUATTRO,11,492,187,146,291,1795,140,58,37,80,111,92,109,163,162,55/45
AUDI,A6 4DR SEDAN 3.0 TFSI QUATTRO,11,492,187,146,291,1860,140,58,37,80,111,92,109,163,162,55/45
AUDI,A7 4DR SPORTBACK 3.0 TFSI QUATTRO/TDI QUATTRO,11,497,191,142,291,1910,140,230,34,78,112,93,112,164,164,54/46
AUDI,A8 4DR SEDAN 3.0 TFSI QUATTRO,10,513,195,146,299,1985,146,67,32,82,114,100,114,163,163,56/44
AUDI,A8 4DR SEDAN 4.0 TFSI QUATTRO/3.0 TDI QUATTRO,10,513,195,146,299,2055,146,67,32,82,114,100,114,163,163,56/44
AUDI,A8L 4DR SEDAN LWB 4.2 TFSI QUATTRO/3.0 TDI QUATTRO,10,526,195,146,312,2080,146,67,32,82,114,100,114,163,163,56/44
AUDI,A8L 4DR SEDAN LWB W12 6.3 FSI QUATTRO,10,526,195,146,312,2180,146,67,32,82,114,100,114,163,163,56/44
AUDI,Q3 5DR SUV 2.0 TFSI FWD,15,439,183,161,260,1585,117,127,36,85,105,91,89,157,158,58/42
AUDI,Q3 5DR SUV 2.0 TFSI QUATTRO,15,439,183,161,260,1670,117,127,36,85,105,91,89,157,158,58/42
AUDI,Q5 5DR SUV 2.0 TFSI QUATTRO,09,463,190,166,281,1850,126,156,40,86,116,91,93,160,160,53/47
AUDI,Q5 5DR SUV 3.0 TFSI QUATTRO,09,463,190,166,281,1975,126,156,40,86,116,91,93,160,160,53/47
AUDI,Q7 4DR SUV 3.0 TFSI QUATTRO,15,505,197,174,299,2240,141,176,44,92,119,98,108,168,169,50/50
AUDI,R8 2DR COUPE,16,443,195,122,265,1655,108,56,28,73,104,99,78,163,160,N/A
AUDI,R8 2DR SPYDER,17,443,195,122,265,1698,108,N/A,28,73,104,99,78,163,160,N/A
AUDI,RS3 SEDAN TFSI QUATTRO,14,448,180,140,263,N/A,122,48,34,78,108,89,96,156,153,60/40
AUDI,RS7 4DR SPORTBACK 4.0 TFSI QUATTRO,14,501,191,142,291,2030,144,232,34,78,112,97,114,164,164,54/46
AUDI,S3 SEDAN TFSI QUATTRO,14,447,180,139,263,1565,120,49,34,78,108,87,97,155,153,60/40
AUDI,S5 2DR CABRIOLET 3.0 TFSI QUATTRO/PREMIUM,10,464,185,137,275,1955,124,49,33,77,111,89,102,157,155,51/49
AUDI,S5 2DR COUPE 3.0 TFSI QUATTRO/QUATTRO PREMIUM,08,464,185,137,275,1750,124,49,33,77,111,89,102,157,155,51/49
AUDI,S6 4DR SEDAN 4.0 TFSI QUATTRO,11,492,187,146,291,1995,140,58,37,80,111,92,109,163,162,55/45
AUDI,S7 4DR SPORTBACK 4.0 TFSI QUATTRO,11,497,191,142,291,2045,140,230,34,78,112,93,112,164,164,54/46
AUDI,S8 PLUS 4DR SEDAN 4.0 TFSI QUATTRO,10,512,195,146,299,2125,146,67,32,82,114,100,114,163,163,56/44
AUDI,SQ5 5DR SUV 3.0 TFSI QUATTRO,09,463,190,166,281,2000,126,156,40,86,116,91,93,160,160,53/47
AUDI,TT 2DR COUPE,16,418,183,135,251,1435,116,N/A,27,80,126,88,79,157,155,60/40
AUDI,TT ROADSTER 2DR CONVERTIBLE,16,418,183,135,251,1530,116,76,27,80,126,88,79,157,155,59/41
AUDI,TTS 2DR COUPE,16,419,183,134,251,1485,116,N/A,27,80,126,89,79,157,155,60/40
BENTLEY,BENTAYGA,16,514,200,174,299,2422,N/A,N/A,N/A,N/A,N/A,N/A,N/A,N/A,N/A,57/43
BENTLEY,CONTINENTAL 2DR CONV AWD GTC/GTC V-8/GTC SPEED/GTC V-8S,12,481,194,140,275,2495,N/A,N/A,N/A,N/A,N/A,N/A,N/A,162,161,N/A
BENTLEY,CONTINENTAL 2DR COUPE AWD GT/GT V-8/GT SPEED/GT V-8S,11,481,194,140,275,2320,N/A,N/A,N/A,N/A,N/A,N/A,N/A,N/A,N/A,52/48
BENTLEY,CONTINENTAL FLYING SPUR 4DR SEDAN AWD,14,530,192,149,307,2475,N/A,N/A,N/A,N/A,N/A,N/A,N/A,N/A,N/A,N/A
BENTLEY,MULSANNE 4DR SEDAN RWD,11,558,193,152,327,2711,N/A,N/A,N/A,N/A,N/A,N/A,N/A,162,165,52/48
BMW,2 SERIES 228i 2DR COUPE RWD,14,443,177,142,268,1460,134,53,34,81,104,78,96,152,156,53/47
BMW,2 SERIES 228i xDRIVE 2DR CABRIOLET,15,443,177,141,269,1712,134,64,34,81,121,78,96,152,153,53/47
BMW,2 SERIES 228i xDRIVE 2DR COUPE,14,443,177,142,268,1495,134,53,34,81,104,78,96,152,156,53/47
BMW,2 SERIES M235i 2DR CABRIOLET  RWD,15,443,177,141,269,1675,134,64,34,81,121,78,96,152,153,53/47
BMW,2 SERIES M235i 2DR COUPE RWD,14,443,177,142,268,1530,134,53,34,81,104,78,96,152,156,53/47
BMW,2 SERIES M235i xDRIVE 2DR CABRIOLET,15,443,177,141,269,1794,134,64,34,81,121,78,96,152,153,53/47
BMW,2 SERIES M235i xDRIVE 2DR COUPE AWD,14,443,177,142,268,1600,134,53,34,81,104,78,96,152,156,50/50
BMW,3 SERIES 320i xDRIVE 4DR SEDAN AWD,12,463,181,143,281,1565,137,52,37,77,109,78,104,154,158,50/50
BMW,3 SERIES 328d xDRIVE 4DR SEDAN AWD,12,463,181,143,281,1642,137,52,37,77,109,78,104,154,158,50/50
BMW,3 SERIES 328i xDRIVE 4DR SEDAN AWD,12,463,181,143,281,1630,137,52,37,77,109,78,104,154,158,50/50
BMW,3 SERIES 330e iPERFORMANCE SEDAN,12,463,181,143,281,1773,137,52,37,77,109,78,104,154,158,52/48
BMW,3 SERIES 330i xDRIVE Gran Turismo,14,483,183,151,292,1825,141,119,38,82,108,81,110,154,159,49/51
BMW,3 SERIES 340i 4DR SEDAN RWD,12,463,181,143,281,1608,137,52,37,77,109,78,104,154,158,52/48
BMW,3 SERIES 340i xDRIVE 4DR SEDAN AWD,12,463,181,143,281,1676,137,52,37,77,109,78,104,154,158,52/48
BMW,3 SERIES 340i xDRIVE Gran Turismo,14,483,183,151,292,1865,141,119,38,82,108,81,110,154,159,49/51
BMW,3 SERIES TOURING 328d xDRIVE 4DR WAGON,13,463,181,143,281,1719,137,163,37,77,103,78,104,153,157,49/51
BMW,3 SERIES TOURING 330i xDRIVE 4DR WAGON,13,463,181,143,281,1758,137,163,37,77,103,78,104,153,157,49/51
BMW,4 SERIES  428i xDRIVE 2DR CABRIOLET AWD,14,464,183,138,281,1887,137,65,35,80,124,79,104,155,159,50/50
BMW,4 SERIES  428i xDRIVE 2DR COUPE AWD,14,464,183,138,281,1649,137,53,35,80,106,79,104,155,159,50/50
BMW,4 SERIES  435i 2DR COUPE RWD,14,464,183,138,281,1624,137,53,35,80,106,79,104,155,159,50/50
BMW,4 SERIES  435i xDRIVE 2DR CABRIOLET AWD,14,464,183,138,281,1937,137,65,35,80,124,79,104,155,159,50/50
BMW,4 SERIES  435i xDRIVE 2DR COUPE AWD,14,464,183,138,281,1694,137,53,35,80,106,79,104,155,159,50/50
BMW,4 SERIES GRAN COUPE 428i xDRIVE 4DR SEDAN AWD,14,464,183,139,281,1696,137,100,35,80,106,79,104,155,159,50/50
BMW,4 SERIES GRAN COUPE 435i xDRIVE 4DR SEDAN AWD,14,464,183,139,281,1762,137,100,35,80,106,79,104,155,159,49/51
BMW,5 SERIES 520d 4DR SEDAN,17,494,187,147,298,1615,150,55,38,81,109,86,110,161,163,52/48
BMW,5 SERIES 520d xDRIVE 4DR SEDAN,17,494,187,147,298,1695,150,55,38,81,109,86,110,161,163,52/48
BMW,5 SERIES 530d 4DR SEDAN,17,494,187,147,298,1715,150,55,38,81,109,86,110,161,163,52/48
BMW,5 SERIES 530d xDRIVE 4DR SEDAN,17,494,187,147,298,1770,150,55,38,81,109,86,110,161,163,52/48
BMW,5 SERIES 530e 4DR SEDAN,17,494,187,147,298,1770,150,55,38,81,109,86,110,161,163,52/48
BMW,5 SERIES 530i 4DR SEDAN,17,494,187,147,298,1615,150,55,38,81,109,86,110,161,163,51/49
BMW,5 SERIES 530i xDRIVE 4DR SEDAN,17,494,187,147,298,1670,150,55,38,81,109,86,110,161,163,52/48
BMW,5 SERIES 540i 4DR SEDAN,17,494,187,147,298,1670,150,55,38,81,109,86,110,161,163,52/48
BMW,5 SERIES 540i xDRIVE 4DR SEDAN,17,494,187,147,298,1735,150,55,38,81,109,86,110,161,163,54/46
BMW,5 SERIES M550i xDRIVE 4DR SEDAN,17,496,187,147,298,1885,152,55,38,81,109,88,110,161,163,52/48
BMW,6 SERIES  650i xDRIVE 2DR COUPE AWD,12,489,189,137,286,2000,158,60,32,82,107,94,110,160,167,54/46
BMW,6 SERIES CABRIOLET 650i xDRIVE 2DR CONV AWD,12,489,189,137,286,2109,158,N/A,32,82,N/A,94,110,160,167,52/48
BMW,6 SERIES GRAN COUPE 640i xDRIVE 4DR SEDAN,13,501,189,139,297,1964,158,60,31,81,107,94,110,160,167,53/47
BMW,6 SERIES GRAN COUPE 650i xDRIVE 4DR SEDAN,13,501,189,139,297,2073,158,60,31,81,107,94,110,160,167,53/47
BMW,6 SERIES GRAN COUPE ALPINA B6,13,501,189,139,297,2030,158,60,31,81,107,94,110,160,167,53/47
BMW,7 SERIES 740Le 4DR SEDAN LWB,16,524,190,148,321,2150,154,62,36,85,115,88,115,162,165,54/46
BMW,7 SERIES 750i xDRIVE 4DR SEDAN SWB,16,510,190,147,307,2041,154,62,36,85,115,88,115,162,165,54/46
BMW,7 SERIES 750Li xDRIVE 4DR SEDAN LWB,16,524,190,148,321,2091,154,62,36,85,115,88,115,162,165,54/46
BMW,i SERIES i3,14,400,178,158,257,1195,71,129,36,91,110,71,72,157,158,45/55
BMW,i SERIES i3 RANGE EXTENDER,14,400,178,158,257,1315,71,129,36,91,110,71,72,157,158,45/55
BMW,i SERIES i8,14,469,194,130,280,1575,132,48,26,79,107,96,93,164,158,49/51
BMW,M2 2DR COUPE RWD,17,448,185,141,269,1593,138,54,34,81,104,82,97,158,160,52/48
BMW,M3 4DR SEDAN RWD,14,467,188,143,281,1606,139,53,37,77,109,81,105,158,160,52/48
BMW,M4 2DR CABRIOLET RWD,14,467,187,139,281,1839,137,65,35,80,124,81,105,158,160,48/52
BMW,M4 2DR COUPE RWD,14,467,187,138,281,1601,139,53,35,80,106,81,105,158,160,52/48
BMW,M6 2DR COUPE RWD,12,489,189,137,285,1930,158,60,32,82,107,94,110,160,167,53/47
BMW,M6 CABRIOLET 2DR CONV RWD,12,489,189,137,285,2045,158,N/A,32,82,N/A,94,110,160,167,50/50
BMW,M6 GRAN COUPE 4DR SEDAN,13,501,190,139,297,2009,158,60,31,81,107,94,110,163,161,52/48
BMW,X1 xDRIVE28i 4DR SUV,16,444,182,161,267,1660,125,154,39,90,106,84,93,156,156,57/43
BMW,X3 xDRIVE28i 4DR SUV,11,465,188,168,281,1882,138,158,44,85,114,85,97,162,163,50/50
BMW,X3 xDRIVE35i 4DR SUV,11,465,188,168,281,1919,138,158,44,85,114,85,97,162,163,50/50
BMW,X4 M40i 4DR SUV,15,467,188,162,281,1921,135,114,42,89,116,86,100,162,163,51/49
BMW,X4 xDRIVE28i 4DR SUV,15,467,188,162,281,1873,135,114,42,89,116,86,100,162,163,49/51
BMW,X4 xDRIVE35i 4DR SUV,15,467,188,162,281,1932,135,114,42,89,116,86,100,162,163,51/49
BMW,X5 xDRIVE35d 4DR SUV,14,489,194,176,293,2236,140,179,44,91,113,89,107,164,165,50/50
BMW,X5 xDRIVE35d THIRD ROW SEATING 4DR SUV,14,489,194,176,293,2313,140,179,44,91,113,89,107,164,165,50/50
BMW,X5 xDRIVE35i 4DR SUV,14,489,194,176,293,2173,140,179,44,91,113,89,107,164,165,50/50
BMW,X5 xDRIVE35i THIRD ROW SEATING 4DR SUV,14,489,194,176,293,2245,140,179,44,91,113,89,107,164,165,50/50
BMW,X5 xDRIVE40e 4DR SUV,14,489,194,176,293,2368,140,179,44,91,113,89,107,164,165,50/50
BMW,X5 xDRIVE50i 4DR SUV,14,489,194,176,293,2336,140,179,44,91,113,89,107,164,165,50/50
BMW,X5 xDRIVE50i THIRD ROW SEATING 4DR SUV,14,489,194,176,293,2413,140,179,44,91,113,89,107,164,165,50/50
BMW,X5M 4DR SUV,17,488,198,175,293,2350,140,178,44,91,113,89,106,167,167,50/50
BMW,X6 xDRIVE 35i 4DR SUV,15,491,199,170,293,2155,141,90,42,93,115,90,108,164,170,49/51
BMW,X6 xDRIVE 50i 4DR SUV,15,491,199,170,293,2345,141,90,42,93,115,90,108,164,170,52/48
BMW,X6M 4DR SUV AWD,15,491,199,170,293,2415,141,90,42,93,115,90,108,164,170,52/48
BMW,Z4 sDRIVE28i 2DR CONV RWD,09,424,179,129,250,1480,156,73,24,74,125,86,89,151,156,50/50
BMW,Z4 sDRIVE35i/35is 2DR CONV RWD,09,424,179,129,250,1585,156,73,24,74,125,86,89,151,156,50/50
BUICK,CASCADA,16,470,184,144,270,1805,N/A,N/A,N/A,N/A,N/A,N/A,N/A,159,159,57/43
BUICK,ENCLAVE 4DR SUV AWD,13,513,201,182,302,2233,108,205,41,88,105,100,112,171,170,55/45
BUICK,ENCLAVE 4DR SUV FWD,13,513,201,182,302,2143,108,205,41,88,105,100,112,171,170,55/45
BUICK,ENCORE 4DR SUV AWD,17,427,177,165,256,1523,111,138,39,90,102,94,77,154,154,60/40
BUICK,ENCORE 4DR SUV FWD,17,427,177,165,256,1468,111,138,39,90,102,94,77,154,154,60/40
BUICK,ENVISION 4DR SUV AWD,16,467,184,170,274,1839,126,167,40,91,98,100,93,158,158,59/41
BUICK,LACROSSE 4DR SEDAN AWD,17,502,186,146,291,1741,127,57,37,81,114,96,116,160,160,59/41
BUICK,LACROSSE 4DR SEDAN FWD,17,502,186,146,291,1632,127,57,37,81,114,96,116,160,160,59/41
BUICK,REGAL 4DR SEDAN AWD,10,484,186,148,274,1675,135,62,31,83,115,102,108,159,159,58/42
BUICK,REGAL 4DR SEDAN FWD,10,484,186,148,274,1638,135,62,31,83,115,102,108,159,159,58/42
BUICK,VERANO 4DR SEDAN BASE/TURBO,11,467,181,148,269,1497,120,54,37,82,105,100,99,154,156,61/39
CADILLAC,ATS 2DR COUPE 2.0L AWD,14,468,185,136,277,1620,139,53,29,83,111,84,107,155,157,51/49
CADILLAC,ATS 2DR COUPE 2.0L RWD,14,468,185,136,277,1550,139,53,29,83,111,84,107,155,157,51/49
CADILLAC,ATS 2DR COUPE 3.6L AWD,14,468,185,136,277,1675,139,53,29,83,111,84,107,155,157,51/49
CADILLAC,ATS 2DR COUPE 3.6L RWD,14,468,185,136,277,1601,139,53,29,83,111,84,107,155,157,51/49
CADILLAC,ATS 4DR SEDAN TURBO/3.6L V6 AWD,12,465,180,137,278,1607,140,53,32,81,108,83,104,152,154,51/49
CADILLAC,ATS 4DR SEDAN TURBO/3.6L V6 RWD,12,465,180,137,278,1530,140,53,32,81,108,83,104,152,154,51/49
CADILLAC,ATS-V 2DR COUPE RWD,14,469,184,138,277,1725,139,53,29,83,111,84,107,155,157,51/49
CADILLAC,ATS-V 4DR SEDAN RWD,12,467,181,141,278,1729,140,53,32,81,108,83,104,152,154,51/49
CADILLAC,CTS 4DR SEDAN 2.0L AWD,14,497,183,145,291,1713,145,61,34,85,108,87,119,156,157,50/50
CADILLAC,CTS 4DR SEDAN 2.0L RWD,14,497,183,145,291,1642,145,61,34,85,108,87,119,156,157,50/50
CADILLAC,CTS 4DR SEDAN 3.6L AWD,14,497,183,145,291,1763,145,61,34,85,108,87,119,156,157,50/50
CADILLAC,CTS 4DR SEDAN 3.6L RWD,14,497,183,145,291,1703,145,61,34,85,108,87,119,156,157,50/50
CADILLAC,CTS VSPORT 4DR SEDAN RWD,14,497,183,145,291,1807,145,61,34,85,108,87,119,156,157,50/50
CADILLAC,CTS-V 4DR SEDAN RWD,16,502,183,145,291,1880,150,61,34,85,108,92,119,158,155,53/47
CADILLAC,XT5 4DR SUV AWD,16,482,190,168,286,1940,122,164,39,94,102,100,97,165,165,59/41
CADILLAC,XT5 4DR SUV FWD,16,482,190,168,286,1814,122,164,39,94,102,100,97,165,165,59/41
CADILLAC,XTS 4DR SEDAN AWD,12,513,185,148,284,1912,131,57,35,87,112,103,126,158,160,59/41
CADILLAC,XTS 4DR SEDAN FWD,12,513,185,148,284,1817,131,57,35,87,112,103,126,158,160,59/41
CADILLAC,CT6 2.0L 4DR SEDAN,16,518,188,147,310,1654,152,59,85,35,112,88,121,163,165,51/49
CADILLAC,CT6 3.0L TWIN TURBO AWD 4DR SEDAN,16,518,188,147,310,1889,152,59,85,35,112,88,121,163,165,54/46
CADILLAC,CT6 3.0L TWIN TURBO AWD PLATINUM 4DR SEDAN,16,518,188,147,310,1989,152,59,85,35,112,88,121,163,165,54/46
CADILLAC,CT6 3.6L AWD 4DR SEDAN,16,518,188,147,310,1780,152,59,85,35,112,88,121,163,165,53/47
CADILLAC,CT6 3.6L AWD PLATINUM 4DR SEDAN,16,518,188,147,310,1933,152,59,85,35,112,88,121,163,165,53/47
CADILLAC,ESCALADE,14,518,204,189,295,2649,138,209,43,103,122,103,120,175,174,52/48
CADILLAC,ESCALADE ESV,14,570,204,189,330,2740,138,261,43,103,122,103,137,175,174,51/49
CHEVROLET,2500 EXPRESS CARGO VAN LWB,03,620,202,208,394,2497,91,342,54,99,146,101,124,173,172,53/47
CHEVROLET,2500 EXPRESS CARGO VAN SWB,03,569,202,207,343,2400,91,291,54,99,146,101,124,173,172,53/47
CHEVROLET,2500 EXPRESS PASSENGER VAN SWB,03,569,202,207,343,2664,91,291,54,99,146,101,124,173,172,53/47
CHEVROLET,3500 EXPRESS CARGO VAN LWB,03,620,202,208,394,2525,91,342,54,99,146,101,124,173,172,53/47
CHEVROLET,3500 EXPRESS CARGO VAN SWB,03,569,202,207,343,2361,91,291,54,99,146,101,124,173,172,53/47
CHEVROLET,3500 EXPRESS PASSENGER VAN LWB,03,620,202,208,394,2906,91,342,54,99,146,101,124,173,172,53/47
CHEVROLET,3500 EXPRESS PASSENGER VAN SWB,03,569,202,207,343,2761,91,291,54,99,146,101,124,173,172,53/47
CHEVROLET,BOLT 4DR HATCHBACK,17,417,177,159,260,1625,89,135,44,84,94,84,73,150,150,N/A
CHEVROLET,CAMARO 2.0L 2DR CONVERTIBLE,16,478,188,135,281,1645,153,63,26,48,115,92,105,159,162,52/48
CHEVROLET,CAMARO 2.0L 2DR COUPE,16,478,188,135,281,1530,153,63,26,48,115,92,105,159,162,52/48
CHEVROLET,CAMARO 3.6L 2DR CONVERTIBLE,16,478,188,135,281,1654,153,63,26,48,115,92,105,159,162,52/48
CHEVROLET,CAMARO 3.6L 2DR COUPE,16,478,188,135,281,1564,153,63,26,48,115,92,105,159,162,52/48
CHEVROLET,CAMARO 6.2L 2DR CONVERTIBLE,16,478,188,135,281,1794,153,63,26,48,115,92,105,160,160,52/48
CHEVROLET,CAMARO 6.2L 2DR COUPE,16,478,188,135,281,1685,153,63,26,48,115,92,105,160,160,52/48
CHEVROLET,CITY EXPRESS VAN,14,473,173,187,293,1475,100,208,48,98,126,95,84,152,152,52/48
CHEVROLET,COLORADO CREW CAB L/BOX 2WD,14,571,189,179,357,1932,136,306,40,88,112,94,120,158,158,57/43
CHEVROLET,COLORADO CREW CAB L/BOX 4X4,14,571,189,179,357,2032,136,306,40,88,112,94,120,158,158,57/43
CHEVROLET,COLORADO CREW CAB S/BOX 2WD,14,540,189,179,326,1833,136,275,40,88,112,94,120,158,158,57/43
CHEVROLET,COLORADO CREW CAB S/BOX 4X4,14,540,189,179,326,2001,136,275,40,88,112,94,120,158,158,57/43
CHEVROLET,COLORADO EXTENDED CAB L/BOX 2WD,14,540,189,179,326,1791,136,275,40,88,112,94,120,158,158,57/43
CHEVROLET,COLORADO EXTENDED CAB L/BOX 4X4,14,540,189,179,326,1891,136,275,40,88,112,94,120,158,158,57/43
CHEVROLET,CORVETTE CONVERTIBLE STINGRAY/Z51,14,449,188,124,271,1525,159,94,27,74,128,91,87,160,157,49/51
CHEVROLET,CORVETTE CONVERTIBLE Z06,14,449,196,124,271,1624,159,94,27,74,128,91,87,160,157,50/50
CHEVROLET,CORVETTE COUPE STINGRAY/Z51,13,449,188,124,271,1497,159,41,27,74,102,91,87,160,157,49/51
CHEVROLET,CORVETTE COUPE Z06,13,449,196,124,271,1599,159,41,27,74,102,91,87,160,157,50/50
CHEVROLET,CRUZE 4DR SEDAN,16,467,180,146,270,1250,117,51,35,82,109,98,99,156,155,61/39
CHEVROLET,CRUZE 5DR HATCH,17,445,179,147,270,1312,117,140,35,82,109,98,77,156,155,61/39
CHEVROLET,EQUINOX 4DR SUV 2.4L AWD LS/LT/LTZ,16,478,184,170,286,1782,115,169,37,88,107,95,97,159,157,56/44
CHEVROLET,EQUINOX 4DR SUV 2.4L FWD LS/LT/LTZ,16,478,184,170,286,1706,115,169,37,88,107,95,97,159,157,57/43
CHEVROLET,EQUINOX 4DR SUV 3.6L AWD LS/LT/LTZ,16,478,184,170,286,1881,115,169,37,88,107,95,97,159,157,56/44
CHEVROLET,EQUINOX 4DR SUV 3.6L FWD LS/LT/LTZ,16,478,184,170,286,1778,115,169,37,88,107,95,97,159,157,57/43
CHEVROLET,IMPALA 4DR SEDAN 2.5L LS/LT/LTZ/2.4ECO,13,511,185,150,284,1661,135,69,30,84,113,101,126,157,160,59/41
CHEVROLET,IMPALA 4DR SEDAN 3.6L LT/LTZ,13,511,185,150,284,1717,135,69,30,84,113,101,126,157,160,59/41
CHEVROLET,MALIBU L/LS/LT 4DR SEDAN,16,492,185,146,283,1400,129,55,35,83,118,97,113,159,159,59/41
CHEVROLET,MALIBU PREMIER/HYBRID 4DR SEDAN,16,492,185,146,283,1536,129,55,35,83,118,97,113,159,159,61/39
CHEVROLET,SILVERADO 1500 CREW CAB M/BOX 2WD,13,598,203,187,389,2341,136,328,44,89,129,100,108,175,172,57/43
CHEVROLET,SILVERADO 1500 CREW CAB M/BOX 4X4,13,598,203,188,389,2431,136,328,44,89,129,100,108,175,172,59/41
CHEVROLET,SILVERADO 1500 CREW CAB S/BOX 2WD,13,573,203,188,365,2301,136,304,44,89,129,100,108,175,172,56/44
CHEVROLET,SILVERADO 1500 CREW CAB S/BOX 4X4,13,573,203,188,365,2394,136,304,44,89,129,100,108,175,172,58/42
CHEVROLET,SILVERADO 1500 DOUBLE CAB M/BOX 2WD,13,573,203,188,365,2269,136,304,44,89,129,100,108,175,172,58/42
CHEVROLET,SILVERADO 1500 DOUBLE CAB M/BOX 4X4,13,573,203,188,365,2366,136,304,44,89,129,100,108,175,172,59/41
CHEVROLET,SILVERADO 1500 REG CAB L/BOX 2WD,13,559,203,187,338,2127,136,283,44,89,129,100,120,175,172,58/42
CHEVROLET,SILVERADO 1500 REG CAB L/BOX 4X4,13,559,203,187,338,2246,136,283,44,89,129,100,120,175,172,59/41
CHEVROLET,SILVERADO 1500 REG CAB M/BOX 2WD,13,511,203,188,302,2051,136,234,44,89,129,100,108,175,172,58/42
CHEVROLET,SILVERADO 1500 REG CAB M/BOX 4X4,13,511,203,188,302,2154,136,234,44,89,129,100,108,175,172,60/40
CHEVROLET,SILVERADO 2500HD CREW CAB L/BOX 2WD,14,646,203,198,426,2836,136,376,44,89,129,100,120,175,172,N/A
CHEVROLET,SILVERADO 2500HD CREW CAB L/BOX 4X4,14,646,203,198,426,2991,136,376,44,89,129,100,120,175,172,N/A
CHEVROLET,SILVERADO 2500HD CREW CAB M/BOX 2WD,14,598,203,199,390,2791,136,328,44,89,129,100,108,175,172,N/A
CHEVROLET,SILVERADO 2500HD CREW CAB M/BOX 4X4,14,598,203,199,390,2918,136,328,44,89,129,100,108,175,172,N/A
CHEVROLET,SILVERADO 2500HD DOUBLE CAB L/BOX 2WD,14,622,203,198,402,2836,136,352,44,89,129,100,120,175,172,N/A
CHEVROLET,SILVERADO 2500HD DOUBLE CAB L/BOX 4X4,14,622,203,198,402,2991,136,352,44,89,129,100,120,175,172,N/A
CHEVROLET,SILVERADO 2500HD DOUBLE CAB M/BOX 2WD,14,573,203,198,366,2791,136,304,44,89,129,100,108,175,172,N/A
CHEVROLET,SILVERADO 2500HD DOUBLE CAB M/BOX 4X4,14,573,203,198,366,2918,136,304,44,89,129,100,108,175,172,N/A
CHEVROLET,SILVERADO 2500HD REG CAB L/BOX 2WD,14,559,203,198,339,2554,136,283,44,89,129,100,120,175,172,N/A
CHEVROLET,SILVERADO 2500HD REG CAB L/BOX 4X4,14,559,203,198,339,2704,136,283,44,89,129,100,120,175,172,N/A
CHEVROLET,SILVERADO 3500HD CREW CAB L/BOX DRW 2WD,14,646,244,198,426,3076,136,376,44,89,129,100,120,175,172,N/A
CHEVROLET,SILVERADO 3500HD CREW CAB L/BOX DRW 4X4,14,646,244,198,426,3225,136,376,44,89,129,100,120,175,172,N/A
CHEVROLET,SILVERADO 3500HD CREW CAB L/BOX SRW 2WD,14,646,203,198,426,2899,136,376,44,89,129,100,120,175,172,N/A
CHEVROLET,SILVERADO 3500HD CREW CAB L/BOX SRW 4X4,14,646,203,198,426,3054,136,376,44,89,129,100,120,175,172,N/A
CHEVROLET,SILVERADO 3500HD CREW CAB M/BOX 2WD,14,598,203,199,390,2864,136,328,44,89,129,100,108,175,172,N/A
CHEVROLET,SILVERADO 3500HD CREW CAB M/BOX 4X4,14,598,203,199,390,2998,136,328,44,89,129,100,108,175,172,N/A
CHEVROLET,SILVERADO 3500HD DOUBLE CAB L/BOX DRW 2WD,14,622,244,197,402,2802,136,352,44,89,129,100,120,175,172,N/A
CHEVROLET,SILVERADO 3500HD DOUBLE CAB L/BOX DRW 4X4,14,622,244,197,402,2960,136,352,44,89,129,100,120,175,172,N/A
CHEVROLET,SILVERADO 3500HD DOUBLE CAB L/BOX SRW 2WD,14,622,203,198,402,2619,136,352,44,89,129,100,120,175,172,N/A
CHEVROLET,SILVERADO 3500HD DOUBLE CAB L/BOX SRW 4X4,14,622,203,198,402,2763,136,352,44,89,129,100,120,175,172,N/A
CHEVROLET,SILVERADO 3500HD REG CAB L/BOX DRW 2WD,14,559,244,197,339,2802,136,283,44,89,129,100,120,175,172,N/A
CHEVROLET,SILVERADO 3500HD REG CAB L/BOX DRW 4X4,14,559,244,196,339,2960,136,283,44,89,129,100,120,175,172,N/A
CHEVROLET,SILVERADO 3500HD REG CAB L/BOX SRW 2WD,14,559,203,196,339,2619,136,283,44,89,129,100,120,175,172,N/A
CHEVROLET,SILVERADO 3500HD REG CAB L/BOX SRW 4X4,14,559,203,198,339,2763,136,283,44,89,129,100,120,175,172,N/A
CHEVROLET,SONIC 4DR SEDAN,17,442,174,152,252,1292,97,55,35,81,103,89,102,151,151,62/38
CHEVROLET,SONIC 5DR HATCHBACK,17,406,174,152,252,1263,97,125,35,82,103,89,66,151,151,62/38
CHEVROLET,SPARK 4DR HATCHBACK,16,364,160,148,239,1019,84,112,35,83,102,73,52,138,138,64/36
CHEVROLET,SPARK EV 4DR HATCHBACK,16,372,163,159,238,1300,84,108,37,85,104,79,56,141,141,63/37
CHEVROLET,SUBURBAN 4DR SUV AWD,14,570,204,189,330,2620,138,261,43,103,122,103,137,173,173,51/49
CHEVROLET,SUBURBAN 4DR SUV RWD,14,570,204,189,330,2511,138,261,43,103,122,103,137,173,173,51/49
CHEVROLET,TAHOE 4DR SUV AWD,14,518,204,189,295,2515,138,209,43,103,122,103,120,173,173,52/48
CHEVROLET,TAHOE 4DR SUV RWD,14,518,204,189,295,2408,138,209,43,103,122,103,120,173,173,52/48
CHEVROLET,TRAVERSE LS/LT/LTZ AWD 4DR SUV,13,517,199,178,302,2197,118,210,39,91,118,102,113,171,170,55/45
CHEVROLET,TRAVERSE LS/LT/LTZ FWD 4DR SUV,13,517,199,178,302,2107,118,210,39,91,118,102,113,171,170,55/45
CHEVROLET,TRAX AWD 4DR SUV,17,425,178,167,256,1476,108,140,36,92,105,93,76,154,154,60/40
CHEVROLET,TRAX FWD 4DR SUV,17,425,178,167,256,1382,108,140,36,92,105,93,76,154,154,60/40
CHEVROLET,VOLT 4DR HATCHBACK,15,458,181,143,269,1607,117,57,34,80,110,102,88,154,157,60/40
CHRYSLER,200 4DR SEDAN I-4 FWD,14,490,181,147,275,1575,128,55,36,85,125,105,110,161,158,60/40
CHRYSLER,200 4DR SEDAN V6 AWD,14,490,181,147,275,1721,128,55,36,85,125,105,110,161,158,60/40
CHRYSLER,200 4DR SEDAN V6 FWD,14,490,181,147,275,1643,128,55,36,85,125,105,110,161,158,60/40
CHRYSLER,300 4DR SEDAN HEMI RWD,11,505,191,149,305,1937,139,63,34,89,118,92,108,163,162,54/46
CHRYSLER,300 4DR SEDAN V6 AWD,11,505,191,149,305,2047,139,63,34,89,118,92,108,163,162,54/46
CHRYSLER,300 4DR SEDAN V6 RWD,11,505,191,149,305,1797,139,63,34,89,118,92,108,163,162,52/48
CHRYSLER,PACIFICA 4DR MINIVAN,16,519,202,178,310,1964,113,231,44,97,130,96,113,174,174,55/45
CHRYSLER,PACIFICA HYBRID 4DR MINIVAN,16,519,202,178,310,2242,113,231,44,97,130,96,113,174,174,56/44
DODGE,CHALLENGER 2DR COUPE RWD SRT 392 / HELLCAT,09,502,192,145,295,1891,137,84,30,85,119,95,112,160,162,56/44
DODGE,CHALLENGER 2DR COUPE RWD V6,09,502,192,145,295,1785,137,84,30,85,119,95,112,160,162,56/44
DODGE,CHALLENGER 2DR COUPE RWD V8,09,502,192,145,295,1852,137,84,30,85,119,95,112,160,162,56/44
DODGE,CHALLENGER GT 2DR COUPE AWD V6,09,502,192,145,295,1867,137,84,30,85,119,95,112,160,162,56/44
DODGE,CHARGER 4DR SEDAN AWD,15,504,191,148,305,1886,136,71,34,84,117,89,110,161,162,56/44
DODGE,CHARGER 4DR SEDAN RWD HELLCAT,15,504,191,148,305,2075,136,71,34,84,117,89,110,163,162,56/44
DODGE,CHARGER 4DR SEDAN RWD R/T SCAT PACK/SRT392,15,504,191,148,305,1996,136,71,34,84,117,89,110,163,162,56/44
DODGE,CHARGER 4DR SEDAN RWD V6,15,504,191,148,305,1785,136,71,34,84,117,89,110,161,162,56/44
DODGE,CHARGER 4DR SEDAN RWD V8,15,504,191,148,305,1934,136,71,34,84,117,89,110,161,162,56/44
DODGE,DART 4DR SEDAN,13,468,183,147,271,1439,121,50,36,79,111,98,99,157,158,61/39
DODGE,DURANGO 4DR SUV AWD V6,11,508,193,180,304,2262,131,218,40,96,125,86,118,162,163,56/44
DODGE,DURANGO 4DR SUV AWD V8,11,508,193,180,304,2418,131,218,40,96,125,86,118,162,163,56/44
DODGE,GRAND CARAVAN 4DR VAN FWD,08,514,200,172,308,2050,102,219,47,89,135,96,111,167,165,56/44
DODGE,JOURNEY 4DR SUV AWD V6,08,489,183,170,289,1926,112,184,41,87,122,100,100,157,158,56/44
DODGE,JOURNEY 4DR SUV FWD I4,08,489,183,170,289,1735,112,184,41,87,122,100,100,157,158,56/44
DODGE,JOURNEY 4DR SUV FWD V6,08,489,183,170,289,1834,112,184,41,87,122,100,100,157,158,56/44
DODGE,VIPER 2DR COUPE,14,446,194,125,251,1497,175,40,22,75,112,90,104,160,155,50/50
FERRARI,488 GTB,16,457,195,121,265,1475,N/A,N/A,N/A,N/A,N/A,N/A,N/A,168,165,42/58
FERRARI,488 SPIDER,16,457,195,121,265,1525,N/A,N/A,N/A,N/A,N/A,N/A,N/A,168,165,42/58
FERRARI,CALIFORNIA T 2DR CONVERTIBLE RWD,15,457,191,132,267,1730,N/A,N/A,N/A,N/A,N/A,N/A,N/A,163,161,47/53
FERRARI,F12 BERLINETTA 2DR COUPE RWD,13,462,194,127,272,1630,N/A,N/A,N/A,N/A,N/A,N/A,N/A,167,162,46/54
FERRARI,F12tdf,16,466,196,127,272,1523,N/A,N/A,N/A,N/A,N/A,N/A,N/A,167,162,46/54
FERRARI,GTC4 LUSSO,16,492,198,138,299,1790,N/A,N/A,N/A,N/A,N/A,N/A,N/A,N/A,N/A,47/53
FERRARI,LAFERRARI,15,470,199,112,265,1255,N/A,N/A,N/A,N/A,N/A,N/A,N/A,N/A,N/A,41/59
FIAT,124 SPIDER 2DR CONVERTIBLE,16,407,173,124,231,1114,155,79,31,67,116,85,91,152,150,54/46
FIAT,500 2 DR HATCHBACK POP/SPORT/LOUNGE,11,355,163,152,230,1068,80,61,37,84,101,71,54,142,140,62/38
FIAT,500 2 DR HATCHBACK TURBO/ABARTH,12,367,163,150,230,1130,88,37,34,85,104,78,59,141,141,62/38
FIAT,500C 2 DR HATCHBACK CONVERTIBLE POP/LOUNGE,11,355,163,152,230,1098,80,61,37,84,101,71,54,142,140,63/37
FIAT,500C 2 DR HATCHBACK CONVERTIBLE TURBO/ABARTH,12,367,163,150,230,1130,88,37,34,85,104,78,59,141,141,62/38
FIAT,500L 4DR HATCHBACK,13,425,179,165,261,1476,93,137,40,87,110,86,78,151,151,61/39
FIAT,500X 4DR SUV AWD,15,426,180,161,257,1487,110,156,40,87,107,88,81,154,154,61/39
FIAT,500X 4DR SUV FWD AUTOMATIC,15,426,180,160,257,1404,110,156,40,87,107,88,81,154,154,61/39
FIAT,500X 4DR SUV FWD MANUAL,15,426,180,160,257,1346,110,156,40,87,107,88,81,154,154,61/39
FORD,C-MAX ENERGI 4DR HATCHBACK,12,442,183,162,265,1750,98,150,43,89,117,91,86,154,153,59/41
FORD,C-MAX HYBRID 4DR HATCHBACK,12,442,183,162,265,1636,98,150,43,89,117,91,86,154,153,59/41
FORD,EDGE 4DR SUV AWD,15,478,193,174,285,1841,108,158,50,79,108,97,98,165,164,58/42
FORD,EDGE 4DR SUV FWD,15,478,193,174,285,1774,108,158,50,79,108,97,98,165,164,58/42
FORD,ESCAPE 4DR SUV AWD,16,454,184,168,269,1668,104,166,41,88,107,93,92,156,158,58/42
FORD,ESCAPE 4DR SUV FWD,16,454,184,168,269,1611,104,166,41,88,107,93,92,156,158,58/42
FORD,EXPEDITION 4WD SUV,07,523,200,196,302,2652,134,215,51,82,96,99,123,170,171,50/50
FORD,EXPEDITION MAX 4WD SUV,07,561,200,197,333,2768,134,253,51,82,96,99,130,170,171,50/50
FORD,EXPLORER 4DR SUV AWD,16,504,200,177,287,2146,120,199,40,95,127,98,119,170,170,54/46
FORD,EXPLORER 4DR SUV FWD,16,504,200,177,287,2067,120,199,40,95,127,98,119,170,170,54/46
FORD,F-150 P/U REG CAB 6.5-FT BOX 2WD,14,527,203,192,311,1837,133,247,48,96,140,96,120,172,172,58/42
FORD,F-150 P/U REG CAB 6.5-FT BOX 4X4,14,527,203,195,311,1955,133,247,48,96,140,96,120,172,172,58/42
FORD,F-150 P/U REG CAB 8-FT BOX 2WD,14,574,203,191,358,1884,133,294,48,96,140,96,120,172,172,58/42
FORD,F-150 P/U REG CAB 8-FT BOX 4X4,14,574,203,195,358,1989,133,294,48,96,140,96,120,172,172,58/42
FORD,F-150 P/U SUPERCAB 6.5-FT BOX 2WD,14,584,203,192,368,1983,133,304,48,96,140,96,120,172,172,58/42
FORD,F-150 P/U SUPERCAB 6.5-FT BOX 4X4,14,584,203,196,368,2081,133,304,48,96,140,96,120,172,172,58/42
FORD,F-150 P/U SUPERCAB 8-FT BOX 2WD,14,632,203,192,416,2059,133,352,48,96,140,96,120,172,172,58/42
FORD,F-150 P/U SUPERCAB 8-FT BOX 4X4,14,632,203,196,416,2217,133,352,48,96,140,96,120,172,172,58/42
FORD,F-150 P/U SUPERCREW 5.5-FT BOX 2WD,14,584,203,192,368,2028,133,304,48,96,140,96,120,172,172,58/42
FORD,F-150 P/U SUPERCREW 5.5-FT BOX 4X4,14,584,203,196,368,2130,133,304,48,96,140,96,120,172,172,58/42
FORD,F-150 P/U SUPERCREW 6.5-FT BOX 2WD,14,614,203,192,398,2087,133,334,48,96,140,96,120,172,172,58/42
FORD,F-150 P/U SUPERCREW 6.5-FT BOX 4X4,14,614,203,196,398,2236,133,334,48,96,140,96,120,172,172,58/42
FORD,F-150 RAPTOR SUPERCAB 5.5-FT BOX 4X4,17,554,219,199,341,2506,133,274,48,96,140,94,119,188,187,58/42
FORD,F-150 RAPTOR SUPERCREW 5.5-FT BOX 4X4,17,584,219,199,371,2584,133,304,48,96,140,94,119,188,187,58/42
FORD,F-250 SD P/U CREW CAB L/BOX,17,670,203,198,447,2854,134,385,47,90,141,97,126,174,171,N/A
FORD,F-250 SD P/U CREW CAB L/BOX 4X4,17,670,203,207,447,3037,134,385,47,90,141,97,126,174,171,N/A
FORD,F-250 SD P/U CREW CAB S/BOX,17,629,203,199,406,2745,134,344,47,90,141,97,126,174,171,N/A
FORD,F-250 SD P/U CREW CAB S/BOX 4X4,17,629,203,207,406,2938,134,344,47,90,141,97,126,174,171,N/A
FORD,F-250 SD P/U REG CAB L/BOX,17,583,203,198,360,2578,134,298,47,90,141,97,126,174,171,N/A
FORD,F-250 SD P/U REG CAB L/BOX 4X4,17,583,203,207,360,2770,134,298,47,90,141,97,126,174,171,N/A
FORD,F-250 SD P/U SUPERCAB L/BOX,17,640,203,198,417,2734,134,355,47,90,141,97,126,174,171,N/A
FORD,F-250 SD P/U SUPERCAB L/BOX 4x4,17,640,203,207,417,2922,134,355,47,90,141,97,126,174,171,N/A
FORD,F-250 SD P/U SUPERCAB S/BOX,17,599,203,199,376,2691,134,314,47,90,141,97,126,174,171,N/A
FORD,F-250 SD P/U SUPERCAB S/BOX 4X4,17,599,203,207,376,2890,134,314,47,90,141,97,126,174,171,N/A
FORD,F-350 SD P/U CREW CAB L/BOX,17,670,203,198,447,2956,134,385,47,90,141,97,126,174,171,N/A
FORD,F-350 SD P/U CREW CAB L/BOX 4X4,17,670,203,206,447,3142,134,385,47,90,141,97,126,174,171,N/A
FORD,F-350 SD P/U CREW CAB L/BOX DRW,17,670,203,198,447,3163,134,385,47,90,141,97,126,176,190,N/A
FORD,F-350 SD P/U CREW CAB L/BOX DRW 4X4,17,670,203,206,447,3347,134,385,47,90,141,97,126,176,190,N/A
FORD,F-350 SD P/U CREW CAB S/BOX,17,629,203,199,406,2848,134,344,47,90,141,97,126,174,171,N/A
FORD,F-350 SD P/U CREW CAB S/BOX 4X4,17,629,203,207,406,3036,134,344,47,90,141,97,126,174,171,N/A
FORD,F-350 SD P/U REG CAB L/BOX,17,583,203,198,360,2680,134,298,47,90,141,97,126,174,171,N/A
FORD,F-350 SD P/U REG CAB L/BOX 4X4,17,583,203,206,360,2874,134,298,47,90,141,97,126,174,171,N/A
FORD,F-350 SD P/U REG CAB L/BOX DRW,17,583,203,199,360,2860,134,298,47,90,141,97,126,176,190,N/A
FORD,F-350 SD P/U REG CAB L/BOX DRW 4X4,17,583,203,205,360,3069,134,298,47,90,141,97,126,176,190,N/A
FORD,F-350 SD P/U SUPERCAB L/BOX,17,640,203,198,417,2831,134,355,47,90,141,97,126,174,171,N/A
FORD,F-350 SD P/U SUPERCAB L/BOX 4X4,17,640,203,206,417,3017,134,355,47,90,141,97,126,174,171,N/A
FORD,F-350 SD P/U SUPERCAB L/BOX DRW,17,640,203,198,417,3052,134,355,47,90,141,97,126,176,190,N/A
FORD,F-350 SD P/U SUPERCAB L/BOX DRW 4X4,17,640,203,206,417,3242,134,355,47,90,141,97,126,176,190,N/A
FORD,F-350 SD P/U SUPERCAB S/BOX,17,599,203,198,376,2776,134,314,47,90,141,97,126,174,171,N/A
FORD,F-350 SD P/U SUPERCAB S/BOX 4X4,17,599,203,207,376,2968,134,314,47,90,141,97,126,174,171,N/A
FORD,F-450 SD P/U CREW CAB L/BOX DRW 4X4,17,670,203,206,447,3896,134,385,47,90,141,97,126,190,190,N/A
FORD,FIESTA 4DR HATCH S/SE/TITANIUM,13,406,172,148,249,1151,99,121,35,80,104,85,72,147,145,59/41
FORD,FIESTA 4DR SEDAN S/SE/TITANIUM,13,440,172,148,249,1169,99,51,33,80,103,85,106,146,145,59/41
FORD,FIESTA ST 4DR HATCHBACK,13,407,172,145,249,1244,99,122,35,82,104,85,73,147,145,59/41
FORD,FLEX 5DR CUV AWD,08,513,193,172,300,2195,130,220,42,96,126,97,114,167,167,54/46
FORD,FLEX 5DR CUV FWD,08,513,193,172,300,2027,130,220,42,96,126,97,114,167,167,54/46
FORD,FOCUS 4DR HATCHBACK SE/TITANIUM,11,436,183,147,265,1327,105,143,36,80,110,90,82,155,153,60/40
FORD,FOCUS 4DR SEDAN S/SE/TITANIUM,11,453,183,147,265,1340,106,43,36,81,110,89,99,155,153,60/40
FORD,FOCUS ELECTRIC 4D HATCHBACK,12,438,182,148,265,1666,107,142,37,81,111,92,81,154,152,49/51
FORD,FOCUS ST/RS 4DR HATCHBACK,12,439,182,147,265,1475,107,142,37,81,111,92,82,154,152,60/40
FORD,FUSION 4DR SEDAN,17,487,185,148,285,1558,122,50,35,84,116,94,110,159,159,59/41
FORD,FUSION 4DR SEDAN ENERGI PHEV,17,487,186,146,285,1797,122,50,35,84,116,94,110,158,158,59/41
FORD,FUSION 4DR SEDAN HYBRID,17,487,186,146,285,1660,122,50,35,84,116,94,110,158,158,59/41
FORD,GT 2DR COUPE,17,476,200,111,271,1385,N/A,N/A,N/A,N/A,N/A,N/A,N/A,169,166,N/A
FORD,MUSTANG GT 2DR CONVERTIBLE RWD,14,478,192,139,272,2066,153,69,29,81,129,95,112,159,165,54/46
FORD,MUSTANG GT 2DR COUPE RWD,14,478,192,138,272,1995,153,63,29,81,117,95,112,158,165,54/46
FORD,MUSTANG GT350 2DR COUPE RWD,14,482,193,138,272,2066,157,63,29,81,117,99,112,161,162,54/46
FORD,MUSTANG V6/ECOBOOST 2DR CONVERTIBLE RWD,14,478,192,139,272,1902,153,69,29,81,129,95,112,159,165,52/48
FORD,MUSTANG V6/ECOBOOST 2DR COUPE RWD,14,478,192,138,272,1855,153,63,29,81,117,95,112,158,165,52/48
FORD,POLICE INTERCEPTOR SEDAN,10,516,194,154,287,1923,139,70,32,85,119,103,126,168,168,N/A
FORD,POLICE INTERCEPTOR UTILITY,11,501,200,179,286,2173,118,197,40,95,127,96,117,170,170,N/A
FORD,TAURUS 4DR SEDAN AWD,10,516,194,154,287,1918,139,70,32,85,119,103,126,168,168,60/40
FORD,TAURUS 4DR SEDAN FWD,10,516,194,154,287,1822,139,70,32,85,119,103,126,168,168,60/40
FORD,TRANSIT CONNECT VAN XL/XLT,13,481,184,179,306,1624,90,217,49,86,119,87,88,156,158,55/45
FORD,TRANSIT CONNECT WAGON XL/XLT/TITANIUM,13,481,184,179,306,1804,90,217,49,86,119,87,88,156,158,55/45
FORD,TRANSIT VAN 150 LONG WB LOW ROOF,13,604,207,211,375,2268,82,345,66,105,163,102,126,173,174,N/A
FORD,TRANSIT VAN 150 LONG WB MEDIUM ROOF,13,598,207,256,375,2268,82,345,66,105,163,102,120,173,174,N/A
FORD,TRANSIT VAN 150 REGULAR WB LOW ROOF,13,559,207,212,330,2268,82,300,66,105,163,102,126,173,174,N/A
FORD,TRANSIT VAN 150 REGULAR WB MEDIUM ROOF,13,553,207,256,330,2268,82,300,66,105,163,102,120,173,174,N/A
FORD,TRANSIT VAN 250 LONG WB EL HIGH ROOF,13,670,207,278,375,2268,82,417,66,105,163,102,193,173,174,N/A
FORD,TRANSIT VAN 250 LONG WB HIGH ROOF,13,598,207,280,375,2268,82,345,66,105,163,102,120,173,174,N/A
FORD,TRANSIT VAN 250 LONG WB LOW ROOF,13,604,207,211,375,2268,82,345,66,105,163,102,126,173,174,N/A
FORD,TRANSIT VAN 250 LONG WB MEDIUM ROOF,13,598,207,256,375,2268,82,345,66,105,163,102,120,173,174,N/A
FORD,TRANSIT VAN 250 REGULAR WB LOW ROOF,13,559,207,212,330,2268,82,300,66,105,163,102,126,173,174,N/A
FORD,TRANSIT VAN 250 REGULAR WB MEDIUM ROOF,13,553,207,256,330,2268,82,300,66,105,163,102,120,173,174,N/A
FORD,TRANSIT VAN 350 LONG WB EL HIGH ROOF,13,670,207,278,375,2318,82,417,66,105,163,102,193,173,174,N/A
FORD,TRANSIT VAN 350 LONG WB HIGH ROOF,13,598,207,280,375,2318,82,345,66,105,163,102,120,173,174,N/A
FORD,TRANSIT VAN 350 LONG WB LOW ROOF,13,604,207,211,375,2318,82,345,66,105,163,102,126,173,174,N/A
FORD,TRANSIT VAN 350 LONG WB MEDIUM ROOF,13,598,207,256,375,2318,82,345,66,105,163,102,120,173,174,N/A
FORD,TRANSIT VAN 350HD DRW EL HIGH ROOF,13,670,213,278,375,2590,82,417,66,105,163,102,193,173,167,N/A
FORD,TRANSIT WAGON 150 LOW ROOF,13,559,207,209,330,2526,82,300,66,105,163,102,126,173,174,N/A
FORD,TRANSIT WAGON 150 MID ROOF,13,553,207,251,330,2526,82,300,66,105,163,102,120,173,174,N/A
FORD,TRANSIT WAGON 350 HIGH ROOF,13,598,207,276,375,2881,82,345,66,105,163,102,120,173,174,N/A
FORD,TRANSIT WAGON 350 LOW ROOF,13,604,207,209,375,2881,82,345,66,105,163,102,126,173,174,N/A
FORD,TRANSIT WAGON 350 MID ROOF,13,598,207,252,375,2881,82,345,66,105,163,102,120,173,174,N/A
FORD,TRANSIT WAGON 350HD DRW HIGH ROOF,13,670,213,274,375,3016,82,417,66,105,163,102,193,173,167,N/A
GENESIS,G80 4DR SEDAN AWD 3.8,17,499,190,147,301,1948,142,56,35,85,110,85,113,164,167,52/48
GENESIS,G80 4DR SEDAN AWD 5.0,17,499,190,147,301,2126,142,56,35,85,110,85,113,164,167,52/48
GENESIS,G90 3.3T 4DR SEDAN AWD,17,522,193,148,317,2174,147,61,36,85,115,87,118,164,165,53/47
GENESIS,G90 5.0 4DR SEDAN AWD,17,522,193,148,317,2229,147,61,36,85,115,87,118,164,165,53/47
GMC,2500 SAVANA CARGO VAN LWB,03,620,202,208,394,2497,91,342,54,99,146,101,124,173,172,53/47
GMC,2500 SAVANA CARGO VAN SWB,03,569,202,207,343,2400,91,291,54,99,146,101,124,173,172,53/47
GMC,2500 SAVANA PASSENGER VAN SWB,03,569,202,207,343,2664,91,291,54,99,146,101,124,173,172,53/47
GMC,3500 SAVANA CARGO VAN LWB,03,620,202,208,394,2525,91,342,54,99,146,101,124,173,172,53/47
GMC,3500 SAVANA CARGO VAN SWB,03,569,202,207,343,2361,91,291,54,99,146,101,124,173,172,53/47
GMC,3500 SAVANA PASSENGER VAN LWB,03,620,202,208,394,2906,91,342,54,99,146,101,124,173,172,53/47
GMC,3500 SAVANA PASSENGER VAN SWB,03,569,202,207,343,2761,91,291,54,99,146,101,124,173,172,53/47
GMC,ACADIA 4DR SUV AWD,17,492,192,175,286,1998,120,196,43,82,102,95,112,164,164,57/43
GMC,ACADIA 4DR SUV FWD,17,492,192,175,286,1794,120,196,43,82,102,95,112,164,164,57/43
GMC,CANYON CREW CAB L/BOX 2WD,14,571,189,179,357,1932,136,306,40,88,112,94,120,158,158,57/43
GMC,CANYON CREW CAB L/BOX 4X4,14,571,189,179,357,2032,136,306,40,88,112,94,120,158,158,57/43
GMC,CANYON CREW CAB S/BOX 2WD,14,540,189,179,326,1833,136,275,40,88,112,94,120,158,158,57/43
GMC,CANYON CREW CAB S/BOX 4X4,14,540,189,179,326,2001,136,275,40,88,112,94,120,158,158,57/43
GMC,CANYON EXTENDED CAB L/BOX 2WD,14,540,189,179,326,1791,136,275,40,88,112,94,120,158,158,57/43
GMC,CANYON EXTENDED CAB L/BOX 4X4,14,540,189,179,326,1891,136,275,40,88,112,94,120,158,158,57/43
GMC,SIERRA 1500 CREW CAB M/BOX 2WD,13,598,203,187,389,2341,136,328,44,89,129,100,108,175,172,57/43
GMC,SIERRA 1500 CREW CAB M/BOX 4X4,13,598,203,188,389,2431,136,328,44,89,129,100,108,175,172,59/41
GMC,SIERRA 1500 CREW CAB M/BOX DENALI,13,598,203,188,389,2415,136,328,44,89,129,100,108,175,172,59/41
GMC,SIERRA 1500 CREW CAB S/BOX 2WD,13,573,203,188,365,2301,136,304,44,89,129,100,108,175,172,56/44
GMC,SIERRA 1500 CREW CAB S/BOX 4X4,13,573,203,188,365,2394,136,304,44,89,129,100,108,175,172,58/42
GMC,SIERRA 1500 CREW CAB S/BOX DENALI,13,573,203,188,365,2371,136,304,44,89,129,100,108,175,172,58/42
GMC,SIERRA 1500 DOUBLE CAB M/BOX 2WD,13,573,203,188,365,2269,136,304,44,89,129,100,108,175,172,58/42
GMC,SIERRA 1500 DOUBLE CAB M/BOX 4X4,13,573,203,188,365,2366,136,304,44,89,129,100,108,175,172,59/41
GMC,SIERRA 1500 REG CAB L/BOX 2WD,13,559,203,187,338,2127,136,283,44,89,129,100,120,175,172,58/42
GMC,SIERRA 1500 REG CAB L/BOX 4X4,13,559,203,187,338,2246,136,283,44,89,129,100,120,175,172,59/41
GMC,SIERRA 1500 REG CAB M/BOX 2WD,13,511,203,188,302,2051,136,234,44,89,129,100,108,175,172,58/42
GMC,SIERRA 1500 REG CAB M/BOX 4X4,13,511,203,188,302,2154,136,234,44,89,129,100,108,175,172,60/40
GMC,SIERRA 2500HD CREW CAB L/BOX 2WD,14,646,203,198,426,2836,136,376,44,89,129,100,120,175,172,N/A
GMC,SIERRA 2500HD CREW CAB L/BOX 4X4,14,646,203,198,426,2991,136,376,44,89,129,100,120,175,172,N/A
GMC,SIERRA 2500HD CREW CAB M/BOX 2WD,14,598,203,199,390,2791,136,328,44,89,129,100,108,175,172,N/A
GMC,SIERRA 2500HD CREW CAB M/BOX 4X4,14,598,203,199,390,2918,136,328,44,89,129,100,108,175,172,N/A
GMC,SIERRA 2500HD CREW CAB M/BOX 4X4 DENALI,14,598,203,199,390,2971,136,328,44,89,129,100,108,175,172,N/A
GMC,SIERRA 2500HD DOUBLE CAB L/BOX 2WD,14,622,203,198,402,2836,136,352,44,89,129,100,120,175,172,N/A
GMC,SIERRA 2500HD DOUBLE CAB L/BOX 4X4,14,622,203,198,402,2991,136,352,44,89,129,100,120,175,172,N/A
GMC,SIERRA 2500HD DOUBLE CAB M/BOX 2WD,14,573,203,198,366,2791,136,304,44,89,129,100,108,175,172,N/A
GMC,SIERRA 2500HD DOUBLE CAB M/BOX 4X4,14,573,203,198,366,2918,136,304,44,89,129,100,108,175,172,N/A
GMC,SIERRA 2500HD REG CAB L/BOX 2WD,14,559,203,198,339,2554,136,283,44,89,129,100,120,175,172,N/A
GMC,SIERRA 2500HD REG CAB L/BOX 4X4,14,559,203,198,339,2704,136,283,44,89,129,100,120,175,172,N/A
GMC,SIERRA 3500HD CREW CAB L/BOX DRW 2WD,14,646,244,198,426,3076,136,376,44,89,129,100,120,175,172,N/A
GMC,SIERRA 3500HD CREW CAB L/BOX DRW 4X4,14,646,244,198,426,3225,136,376,44,89,129,100,120,175,172,N/A
GMC,SIERRA 3500HD CREW CAB L/BOX DRW 4X4 DENALI,14,646,244,198,426,3635,136,376,44,89,129,100,120,175,172,N/A
GMC,SIERRA 3500HD CREW CAB L/BOX SRW 2WD,14,646,203,198,426,2899,136,376,44,89,129,100,120,175,172,N/A
GMC,SIERRA 3500HD CREW CAB L/BOX SRW 4X4,14,646,203,198,426,3054,136,376,44,89,129,100,120,175,172,N/A
GMC,SIERRA 3500HD CREW CAB M/BOX 2WD,14,598,203,199,390,2864,136,328,44,89,129,100,108,175,172,N/A
GMC,SIERRA 3500HD CREW CAB M/BOX 4X4,14,598,203,199,390,2998,136,328,44,89,129,100,108,175,172,N/A
GMC,SIERRA 3500HD CREW CAB M/BOX 4X4 DENALI,14,598,203,199,390,3048,136,328,44,89,129,100,108,175,172,N/A
GMC,SIERRA 3500HD DOUBLE CAB L/BOX DRW 2WD,14,622,244,197,402,2802,136,352,44,89,129,100,120,175,172,N/A
GMC,SIERRA 3500HD DOUBLE CAB L/BOX DRW 4X4,14,622,244,197,402,2960,136,352,44,89,129,100,120,175,172,N/A
GMC,SIERRA 3500HD DOUBLE CAB L/BOX SRW 2WD,14,622,203,198,402,2619,136,352,44,89,129,100,120,175,172,N/A
GMC,SIERRA 3500HD DOUBLE CAB L/BOX SRW 4X4,14,622,203,198,402,2763,136,352,44,89,129,100,120,175,172,N/A
GMC,SIERRA 3500HD REG CAB L/BOX DRW 2WD,14,559,244,197,339,2802,136,283,44,89,129,100,120,175,172,N/A
GMC,SIERRA 3500HD REG CAB L/BOX DRW 4X4,14,559,244,196,339,2960,136,283,44,89,129,100,120,175,172,N/A
GMC,SIERRA 3500HD REG CAB L/BOX SRW 2WD,14,559,203,196,339,2619,136,283,44,89,129,100,120,175,172,N/A
GMC,SIERRA 3500HD REG CAB L/BOX SRW 4X4,14,559,203,198,339,2763,136,283,44,89,129,100,120,175,172,N/A
GMC,TERRAIN 4DR SUV AWD,10,471,185,169,286,1823,123,172,35,89,108,90,95,160,158,56/44
GMC,TERRAIN 4DR SUV FWD,10,471,185,169,286,1748,123,172,35,89,108,90,95,160,158,57/43
GMC,YUKON 4DR SUV 4WD DENALI,14,518,204,189,295,2606,138,209,43,103,122,102,120,175,174,52/48
GMC,YUKON 4DR SUV 4WD SLE/SLT,14,518,204,189,295,2515,138,209,43,103,122,102,120,175,174,52/48
GMC,YUKON 4DR SUV RWD SLE/SLT,14,518,204,189,295,2408,138,209,43,103,122,102,120,175,174,52/48
GMC,YUKON-XL 4DR SUV 4WD DENALI,14,570,204,189,330,2713,138,261,43,103,122,103,137,175,174,51/49
GMC,YUKON-XL 4DR SUV 4WD SLE/SLT,14,570,204,189,330,2620,138,261,43,103,122,103,137,175,174,51/49
GMC,YUKON-XL 4DR SUV RWD SLE/SLT,14,570,204,189,330,2511,138,261,43,103,122,103,137,175,174,51/49
HONDA,ACCORD 2DR COUPE EX/EX-L NAVI,16,483,185,144,272,1480,132,62,33,81,110,100,110,158,158,61/39
HONDA,ACCORD 2DR COUPE EX-L V6,16,483,185,144,272,1603,132,62,33,81,110,100,110,158,158,62/38
HONDA,ACCORD 4DR SEDAN EX-L V6/TOURING V6,17,491,185,147,278,1615,131,54,35,80,114,98,114,158,158,62/38
HONDA,ACCORD 4DR SEDAN EX-L V6/TOURING V6,17,491,185,147,278,1615,131,54,35,80,114,98,114,158,158,62/38
HONDA,ACCORD 4DR SEDAN LX/SPORT/EX-L/TOURING,17,491,185,147,278,1496,131,54,35,80,114,98,114,158,158,61/39
HONDA,ACCORD 4DR SEDAN LX/SPORT/EX-L/TOURING,17,491,185,147,278,1496,131,54,35,80,114,98,114,158,158,61/39
HONDA,ACCORD HYBRID 4DR SEDAN,17,495,185,146,278,1594,133,56,35,80,114,100,116,158,158,62/38
HONDA,CIVIC 5DR HATCH,17,452,188,143,270,1323,117,94,33,79,109,91,91,155,156,62/38
HONDA,CIVIC DX/LX/EX 4DR SEDAN,16,463,188,142,270,1244,115,49,33,79,109,89,104,155,156,61/39
HONDA,CIVIC EX-T/TOURING 2DR COUPE,16,449,188,139,270,1313,115,55,33,79,114,89,90,155,156,62/38
HONDA,CIVIC EX-T/TOURING 4DR SEDAN,16,463,188,142,270,1324,115,49,33,79,109,89,104,155,156,62/38
HONDA,CIVIC LX 2DR COUPE,16,449,188,139,270,1256,115,55,33,79,114,89,90,155,156,61/39
HONDA,CR-V 4DR SUV AWD,17,459,185,168,266,1580,114,170,38,89,107,91,101,160,162,58/42
HONDA,CR-V 4DR SUV FWD,17,459,185,168,266,1502,114,170,38,89,107,91,101,160,162,58/42
HONDA,CR-Z 2 DR HATCHBACK,11,408,174,139,244,1205,107,20,31,80,100,95,69,152,150,59/41
HONDA,FIT 4DR HATCH FWD DX/LX,14,406,170,148,253,1131,87,135,39,82,100,81,72,146,146,62/38
HONDA,FIT 4DR HATCH FWD EX/EX-L NAVI,14,406,170,148,253,1170,87,135,39,82,100,81,72,146,146,62/38
HONDA,HR-V 4DR CUV AWD,15,429,178,160,261,1389,102,144,37,88,105,88,81,154,154,60/40
HONDA,HR-V 4DR CUV FWD,15,429,178,160,261,1320,102,144,37,88,105,88,81,154,154,62/38
HONDA,ODYSSEY 4DR MINIVAN EX-L RES/EX-L NAVI/TOURING,11,515,201,174,300,2067,99,212,43,90,132,94,120,172,173,56/44
HONDA,ODYSSEY 4DR MINIVAN LX/SE/EX/EX RES,11,515,201,174,300,1996,99,212,43,90,132,94,120,172,173,56/44
HONDA,PILOT 4DR SUV AWD,15,495,203,177,282,1930,114,207,45,90,118,98,114,168,168,57/43
HONDA,PILOT 4DR SUV FWD,15,495,203,177,282,1861,114,207,45,90,118,98,114,168,168,58/42
HONDA,RIDGELINE 4DR PICKUP,16,533,200,180,318,2015,114,281,45,93,128,97,118,168,169,58/42
HYUNDAI,ACCENT 4DR HATCHBACK (auto),11,412,170,145,257,1159,104,130,37,79,105,82,73,149,149,62/38
HYUNDAI,ACCENT 4DR HATCHBACK (manual),11,412,170,145,257,1129,104,130,37,79,105,82,73,149,149,62/38
HYUNDAI,ACCENT 4DR SEDAN (auto),11,437,172,145,257,1155,103,50,36,79,106,82,97,149,150,62/38
HYUNDAI,ACCENT 4DR SEDAN (manual),11,437,172,145,257,1125,103,50,36,79,106,82,97,149,150,62/38
HYUNDAI,ELANTRA 4DR SEDAN,16,457,179,140,270,1275,115,47,32,83,110,88,99,156,156,62/38
HYUNDAI,ELANTRA GT 5DR HATCHBACK,12,429,178,145,264,1295,105,131,36,81,108,88,77,155,156,61/39
HYUNDAI,IONIQ 4DR HATCH,17,447,182,145,270,1367,115,99,37,81,111,88,89,156,158,N/A
HYUNDAI,SANTA FE SPORT AWD 4DR SUV,13,469,188,169,270,1640,121,167,37,94,116,93,106,163,164,56/44
HYUNDAI,SANTA FE SPORT FWD 4DR SUV,13,469,188,169,270,1569,121,167,37,94,116,93,106,163,164,56/44
HYUNDAI,SANTA FE XL AWD 4DR SUV,13,490,189,170,280,1968,124,191,36,93,116,95,115,163,164,56/44
HYUNDAI,SANTA FE XL FWD 4DR SUV,13,490,189,170,280,1790,124,191,36,93,116,95,115,163,164,56/44
HYUNDAI,SONATA 4DR SEDAN 2.4,15,486,187,148,281,1475,125,51,34,83,112,97,108,161,162,61/39
HYUNDAI,SONATA 4DR SEDAN HYBRID,15,486,187,148,281,1586,125,51,34,83,112,97,108,161,162,59/41
HYUNDAI,SONATA 4DR SEDAN PHEV,15,486,187,148,281,1655,125,51,34,83,112,97,108,161,162,59/41
HYUNDAI,SONATA 4DR SEDAN SPORT 2.0T,15,486,187,148,281,1590,125,51,34,83,112,97,108,160,160,61/39
HYUNDAI,TUCSON 4DR SUV AWD,16,448,185,165,267,1634,113,156,34,91,116,91,90,161,162,58/42
HYUNDAI,TUCSON 4DR SUV FWD,16,448,185,165,267,1560,113,156,34,91,116,91,90,161,162,58/42
HYUNDAI,VELOSTER 3DR HATCHBACK,11,422,179,140,265,1243,106,113,31,80,114,83,74,156,156,60/40
HYUNDAI,VELOSTER TURBO 3DR HATCHBACK,11,425,181,140,265,1172,108,114,31,80,114,85,75,156,157,60/40
INFINITI,Q50 4DR SEDAN AWD,13,480,182,146,285,1718,140,57,34,80,106,86,110,154,159,57/43
INFINITI,Q50 4DR SEDAN RWD,13,480,182,146,285,1638,140,57,34,80,106,86,110,154,159,55/45
INFINITI,Q50 HYBRID AWD 4DR SEDAN,13,480,182,146,285,1853,140,57,34,80,106,86,110,154,159,55/45
INFINITI,Q60 2DR COUPE,17,469,185,140,285,1750,141,66,31,82,106,88,96,156,158,54/46
INFINITI,Q70 AWD 4DR SEDAN,15,498,185,152,290,1752,142,55,39,84,112,92,117,158,157,54/46
INFINITI,Q70 AWD SPORT 4DR SEDAN,15,498,185,152,290,1841,142,55,39,84,112,92,117,158,157,55/45
INFINITI,Q70L AWD 4DR SEDAN,15,513,185,152,305,1978,142,57,39,84,112,92,117,158,157,57/43
INFINITI,QX30 AWD 4DR SUV,16,443,182,154,269,1550,132,138,33,83,100,92,82,153,155,60/40
INFINITI,QX30 FWD 4DR SUV,16,443,182,154,269,1491,132,138,33,83,100,92,82,153,155,62/38
INFINITI,QX50 AWD 4DR SUV,16,474,180,161,288,1827,141,141,38,89,95,91,96,153,154,54/46
INFINITI,QX60 4DR SUV AWD,12,499,196,174,290,2077,122,189,42,87,123,100,109,167,167,56/44
INFINITI,QX60 4DR SUV FWD,12,499,196,174,290,2013,122,189,42,87,123,100,109,167,167,56/44
INFINITI,QX60 HYBRID AWD 4DR SUV,12,499,196,174,290,2124,122,189,42,87,123,100,109,168,167,56/44
INFINITI,QX70 4DR SUV AWD,09,486,193,168,289,1989,137,153,38,89,112,93,105,164,164,53/47
INFINITI,QX70 SPORT 4DR SUV AWD,09,486,193,168,289,2087,137,153,38,89,112,93,105,164,164,53/47
INFINITI,QX80 AWD 4DR SUV,15,531,203,193,308,2671,141,220,43,92,133,97,127,172,173,52/48
JAGUAR,F-PACE 2.0L DIESEL 4DR SUV,16,473,194,165,287,1775,136,161,37,91,111,84,103,164,165,50/50
JAGUAR,F-PACE 3.0L V6 4DR SUV,16,473,194,165,287,1821,136,161,37,91,111,84,103,164,165,50/50
JAGUAR,F-TYPE V6 AWD 2DR COUPE/CONVERTIBLE,14,447,192,131,262,1684,154,48,25,78,110,93,92,159,163,50/50
JAGUAR,F-TYPE V6 RWD 2DR COUPE/CONVERTIBLE,13,447,192,131,262,1594,154,88,25,78,117,93,92,160,165,50/50
JAGUAR,F-TYPE V8 AWD 2DR COUPE/CONVERTIBLE,14,447,192,131,262,1740,154,48,25,78,110,93,92,159,163,50/50
JAGUAR,XE 2.0L DIESEL 4DR SEDAN,15,467,185,142,283,1615,138,48,34,82,113,85,100,158,158,53/47
JAGUAR,XE 3.0L V6 4DR SEDAN,15,467,185,142,283,1721,138,48,34,82,113,85,100,158,158,53/47
JAGUAR,XF 4DR SEDAN,16,495,188,146,296,1763,138,57,34,82,114,84,115,161,159,54/46
JAGUAR,XJ LWB 4DR SEDAN XJL/XJR,10,525,189,145,316,1884,145,61,33,83,119,89,120,163,163,51/49
JAGUAR,XJ SWB 4DR SEDAN XJ/XJR,10,512,189,145,303,1871,145,61,33,83,119,89,120,163,160,51/49
JEEP,CHEROKEE 4DR SUV AWD,14,462,186,169,270,1788,127,161,40,83,122,100,93,157,157,57/43
JEEP,CHEROKEE 4DR SUV FWD,14,462,186,169,270,1669,127,161,40,83,122,100,93,157,157,57/43
JEEP,COMPASS 4DR SUV AWD,07,445,181,165,263,1479,108,151,40,83,102,92,90,152,150,56/44
JEEP,COMPASS 4DR SUV FWD,07,445,181,165,263,1405,108,151,40,83,102,92,90,152,152,59/41
JEEP,GRAND CHEROKEE 4DR SUV LAREDO 4X4,13,482,194,176,292,2121,133,169,40,91,127,88,102,162,163,51/49
JEEP,GRAND CHEROKEE 4DR SUV LIMITED 4X4,13,482,194,176,292,2211,133,169,40,91,127,88,102,162,163,53/47
JEEP,GRAND CHEROKEE 4DR SUV OVERLAND/SUMMIT 4X4,13,482,194,176,292,2261,133,169,40,91,127,88,102,162,163,53/47
JEEP,GRAND CHEROKEE SRT 4DR SUV,13,486,196,176,292,2336,134,169,40,94,126,90,106,162,163,53/47
JEEP,PATRIOT 4DR SUV AWD,07,441,176,170,263,1480,106,172,38,86,113,88,89,152,152,56/44
JEEP,PATRIOT 4DR SUV FWD,07,441,176,164,263,1423,106,172,38,86,113,88,89,152,152,56/44
JEEP,RENEGADE SPORT/LATITUDE/LIMITED 4X4,15,424,181,167,257,1447,110,156,40,87,107,88,81,154,154,60/40
JEEP,RENEGADE SPORT/LATITUDE/LIMITED FWD,15,424,181,167,257,1372,110,156,40,87,107,88,81,154,154,60/40
JEEP,RENEGADE TRAILHAWK 4X4,15,424,181,170,257,1583,110,156,40,87,107,88,81,154,154,60/40
JEEP,WRANGLER 2DR SUV 4WD RUBICON,08,388,187,184,242,1873,150,117,41,78,142,68,78,159,159,50/50
JEEP,WRANGLER 2DR SUV 4WD SAHARA,08,388,187,184,242,1803,150,117,41,78,142,68,78,159,159,50/50
JEEP,WRANGLER 2DR SUV 4WD SPORT/WILLYS WHEELER,08,388,187,184,242,1717,150,117,41,78,142,68,78,159,159,50/50
JEEP,WRANGLER UNLIMITED 4DR SUV 4WD RUBICON,07,440,188,180,295,1969,150,171,40,79,144,68,78,156,157,50/50
JEEP,WRANGLER UNLIMITED 4DR SUV 4WD SAHARA,07,440,188,180,295,1948,150,171,40,79,144,68,78,156,157,50/50
JEEP,WRANGLER UNLIMITED 4DR SUV 4WD SPORT/WILLYS WHEELER,07,440,188,180,295,1860,150,171,40,79,144,68,78,156,157,50/50
KIA,CADENZA 4DR SEDAN BASE/PREMIUM,17,497,187,147,285,1648,134,56,36,84,111,97,115,161,162,60/40
KIA,CADENZA 4DR SEDAN LIMITED,17,497,187,147,285,1710,134,56,36,84,111,97,115,161,162,60/40
KIA,FORTE 4DR SEDAN,14,456,178,143,270,1318,107,51,35,79,111,88,98,156,157,62/38
KIA,FORTE KOUPE EX 2DR COUPE,14,453,178,141,270,1302,107,49,30,80,113,88,95,156,157,63/37
KIA,FORTE KOUPE SX/SX LUXURY 2DR COUPE,14,453,178,141,270,1353,107,49,30,80,113,88,95,156,157,63/37
KIA,FORTE LX 4DR SEDAN,14,456,178,143,270,1272,107,51,35,79,111,88,98,156,157,62/38
KIA,FORTE5 LX/EX 5DR HATCHBACK,14,435,178,145,270,1321,107,135,34,79,111,88,77,156,157,62/38
KIA,FORTE5 SX/SX LUXURY 5DR HATCHBACK,14,435,178,145,270,1372,107,135,34,79,111,88,77,156,157,62/38
KIA,K900 V6 4DR SEDAN,14,509,190,149,305,1940,139,56,35,87,116,88,117,161,165,50/50
KIA,K900 V8 ELITE 4DR SEDAN,14,509,190,149,305,2066,139,56,35,87,116,88,117,161,165,50/50
KIA,NIRO,17,436,180,154,270,1436,114,46,38,85,102,87,79,157,158,N/A
KIA,OPTIMA HYBRID 4DR SEDAN,16,486,186,146,281,1583,134,50,36,84,109,97,109,158,160,61/39
KIA,OPTIMA LX/LX+/EX/LX ECO TURBO 4DR SEDAN,16,486,186,147,281,1463,134,50,36,84,109,97,109,158,160,61/39
KIA,OPTIMA PHEV 4DR SEDAN,16,486,186,146,281,1720,134,50,36,84,109,97,109,158,160,61/39
KIA,OPTIMA SX/SXL 4DR SEDAN,16,486,186,147,281,1630,134,50,36,84,109,97,109,158,160,61/39
KIA,RIO 4DR SEDAN,12,436,172,146,257,1131,94,50,34,79,109,81,98,152,153,63/37
KIA,RIO 5DR HATCHBACK,12,405,172,146,257,1124,94,121,34,80,108,81,67,152,153,63/37
KIA,RONDO LX - 5 PASSENGER,14,452,181,161,275,1445,100,168,38,91,105,94,83,157,159,60/40
KIA,RONDO LX/EX/EX LUXURY - 7 PASSENGER,14,452,181,161,275,1505,100,168,38,91,105,94,83,157,159,60/40
KIA,SEDONA L/LX/SX 5DR VAN FWD,15,512,199,174,306,2002,107,225,44,94,114,97,111,174,175,57/43
KIA,SEDONA SXL 5DR VAN FWD,15,512,199,174,306,2127,107,225,44,94,114,97,111,174,175,57/43
KIA,SORENTO EX/LIMITED AWD,15,477,189,171,278,1816,121,184,37,94,105,93,106,163,164,56/44
KIA,SORENTO EX/LIMITED FWD,15,477,189,171,278,1759,121,184,37,94,105,93,106,163,164,56/44
KIA,SORENTO L/LX FWD,15,477,189,171,278,1680,121,184,37,94,105,93,106,163,164,56/44
KIA,SORENTO LX AWD,15,477,189,171,278,1742,121,184,37,94,105,93,106,163,164,56/44
KIA,SORENTO V6 AWD,15,477,189,171,278,1860,121,184,37,94,105,93,106,163,164,56/44
KIA,SORENTO V6 FWD,15,477,189,171,278,1800,121,184,37,94,105,93,106,163,164,56/44
KIA,SOUL EV,14,414,180,160,257,1492,104,152,33,90,103,83,73,157,159,61/39
KIA,SOUL EX/SX,14,414,180,160,257,1287,104,152,33,90,103,83,73,157,159,61/39
KIA,SOUL LX,14,414,180,160,257,1231,104,152,33,90,103,83,73,157,159,61/39
KIA,SPORTAGE AWD 4DR SUV,16,448,186,165,267,1696,116,158,36,91,104,91,90,161,161,59/41
KIA,SPORTAGE AWD TURBO 4DR SUV,16,448,186,165,267,1813,116,158,36,91,104,91,90,161,161,59/41
KIA,SPORTAGE FWD 4DR SUV,16,448,186,165,267,1631,116,158,36,91,104,91,90,161,161,59/41
LAMBORGHINI,AVENTADOR COUPE,12,478,203,114,270,1575,N/A,N/A,N/A,N/A,N/A,N/A,N/A,172,170,43/57
LAMBORGHINI,AVENTADOR ROADSTER,12,478,203,114,270,1625,N/A,N/A,N/A,N/A,N/A,N/A,N/A,172,170,43/57
LAMBORGHINI,HURACAN 2DR COUPE AWD,15,446,192,117,262,1422,N/A,N/A,N/A,N/A,N/A,N/A,N/A,167,162,43/57
LAMBORGHINI,HURACAN 2DR COUPE RWD,15,446,192,118,262,1509,N/A,N/A,N/A,N/A,N/A,N/A,N/A,167,162,40/60
LAMBORGHINI,HURACAN 2DR SPYDER AWD,15,446,192,118,262,1542,N/A,N/A,N/A,N/A,N/A,N/A,N/A,167,162,43/57
LAMBORGHINI,HURACAN 2DR SPYDER RWD,15,446,192,118,262,1509,N/A,N/A,N/A,N/A,N/A,N/A,N/A,167,162,40/60
LAND ROVER,DISCOVERY,17,497,199,185,292,2198,135,191,47,87,116,86,118,169,169,N/A
LAND ROVER,DISCOVERY SPORT,15,460,189,172,274,1744,122,166,39,89,118,90,96,162,163,56/44
LAND ROVER,LR2 4DR SUV,07,450,191,174,266,1775,115,168,46,82,112,93,93,160,161,57/43
LAND ROVER,LR4 4DR SUV,10,483,192,188,289,2548,132,204,51,85,126,83,113,161,161,49/51
LAND ROVER,RANGE ROVER EVOQUE 4DR SUV,12,436,197,164,266,1770,118,137,39,95,118,89,80,163,163,59/41
LAND ROVER,RANGE ROVER EVOQUE CONVERTIBLE,17,436,197,161,266,1640,118,N/A,30,92,118,89,80,163,163,59/41
LAND ROVER,RANGE ROVER LWB 4DR SUV,14,520,207,184,312,2413,134,178,45,94,115,88,119,169,168,48/52
LAND ROVER,RANGE ROVER SPORT SE/HSE,14,485,198,178,292,2489,138,165,48,87,120,87,106,169,168,49/51
LAND ROVER,RANGE ROVER SPORT SUPERCHARGED/AUTOBIOGRAPHY,14,485,198,178,292,2590,138,165,48,87,120,87,106,169,168,49/51
LAND ROVER,RANGE ROVER SWB 4DR SUV,13,500,207,184,292,2330,134,178,45,94,115,88,119,169,168,48/52
LEXUS,CT200h 4DR HATCHBACK/F-SPORT,14,435,177,146,260,1460,117,137,35,81,101,94,81,152,153,59/41
LEXUS,ES300h HYBRID 4DR SEDAN,13,490,182,145,282,1660,131,49,32,82,109,99,109,159,158,59/41
LEXUS,ES350 4DR SEDAN,13,490,182,145,282,1610,131,49,32,82,109,99,109,159,158,61/39
LEXUS,GS 350 AWD 4DR SEDAN,16,488,184,147,285,1765,138,54,37,81,107,88,115,159,160,52/48
LEXUS,GS 450h 4DR SEDAN HYBRID,16,488,184,146,285,1865,138,54,37,81,107,88,115,159,160,52/48
LEXUS,GX460 4DR SUV /PREMIUM,10,481,188,189,279,2349,134,187,42,89,120,94,108,158,159,52/48
LEXUS,IS 200t RWD SEDAN,14,467,181,143,280,1625,138,49,34,80,103,84,104,154,155,55/45
LEXUS,IS 300/350 AWD SEDAN,14,467,181,143,280,1695,138,49,34,80,103,84,104,154,155,55/45
LEXUS,LS460 AWD 4DR SEDAN,13,509,188,147,297,2110,147,60,35,84,109,92,120,160,161,52/48
LEXUS,LS460L AWD 4DR SEDAN,13,521,188,147,309,2210,147,60,35,84,109,92,120,160,161,52/48
LEXUS,LX570 4DR SUV,16,508,198,191,285,2680,145,201,49,92,125,103,120,164,164,52/48
LEXUS,NX200t 4DR SUV AWD,15,463,185,165,266,1755,129,159,34,88,104,99,98,158,158,59/41
LEXUS,NX300h 4DR SUV AWD,15,463,185,165,266,1835,129,159,34,88,104,99,98,158,158,56/44
LEXUS,RC 300/350 AWD 2DR COUPE,15,470,184,140,273,1765,149,49,29,80,103,93,104,158,160,54/46
LEXUS,RC F 2DR COUPE RWD,15,471,185,139,273,1795,149,50,29,80,103,93,105,156,156,54/46
LEXUS,RX 350 4DR SUV,16,489,190,172,279,2020,128,151,38,91,104,108,102,164,163,58/42
LEXUS,RX 450H 4DR SUV,16,489,190,172,279,2150,128,151,38,91,104,108,102,164,163,56/44
LINCOLN,CONTINENTAL,17,512,191,149,299,1916,128,65,37,83,117,97,117,161,163,59/41
LINCOLN,MKC 4DR SUV AWD,14,455,186,166,269,1792,117,152,37,90,107,96,91,159,159,57/43
LINCOLN,MKT 4DR SUV,10,527,193,171,299,2242,133,184,37,88,122,105,123,167,167,54/46
LINCOLN,MKX 4DR SUV,16,483,193,168,285,1990,122,167,38,93,117,99,100,165,164,59/41
LINCOLN,MKZ 2.0L AWD 4DR SEDAN,17,493,186,148,285,1773,131,59,35,87,116,97,111,159,158,59/41
LINCOLN,MKZ 3.0L AWD 4DR SEDAN,17,493,186,148,285,1905,131,58,30,87,116,97,111,158,158,59/41
LINCOLN,MKZ HYBRID 4DR SEDAN,17,493,186,148,285,1759,131,58,30,87,116,97,111,158,158,57/43
LINCOLN,NAVIGATOR 4DR SUV 4WD,14,527,200,199,302,2753,135,213,50,82,96,101,124,170,171,50/50
LINCOLN,NAVIGATOR L 4DR SUV 4WD,14,565,200,199,333,2856,135,251,50,82,96,101,131,170,171,50/50
LOTUS,EVORA 2DR COUPE,17,439,185,123,258,1395,N/A,N/A,N/A,N/A,N/A,N/A,N/A,156,158,N/A
MASERATI,GHIBLI 4DR SEDAN,14,497,195,146,300,1810,151,46,35,83,103,94,104,164,165,50/50
MASERATI,GRANTURISMO COVERTIBLE /SPORT/MC 2DR CONV RWD,09,493,192,135,294,1980,141,N/A,33,80,102,93,107,159,159,49/51
MASERATI,GRANTURISMO SPORT/MC 2DR COUPE RWD,09,493,192,134,294,1973,141,57,33,80,102,93,107,159,159,49/51
MASERATI,LEVANTE 4DR SUV,17,500,197,168,300,2109,156,151,42,90,100,97,103,162,168,N/A
MASERATI,QUATTROPORTE GTS 4DR SEDAN,17,526,195,148,317,1900,156,61,34,86,102,97,112,163,165,50/50
MASERATI,QUATTROPORTE S Q4 4DR SEDAN,17,526,195,148,317,1920,156,61,34,86,102,97,112,163,165,50/50
MAZDA,CX-3 4DR SUV AWD,15,427,177,154,257,1339,124,125,43,75,105,91,80,152,152,60/40
MAZDA,CX-3 4DR SUV FWD,15,427,177,154,257,1275,124,125,43,75,105,91,80,152,152,61/39
MAZDA,CX-5 GS 4DR SUV FWD (2016.5),12,455,184,167,270,1559,123,146,39,87,111,94,91,158,158,56/44
MAZDA,CX-5 GS/GT 4DR SUV AWD (2016.5),12,455,184,167,270,1629,123,146,39,87,111,94,91,158,158,56/44
MAZDA,CX-5 GX 4DR SUV AWD (2016.5),12,455,184,167,270,1556,123,146,39,87,111,94,91,158,158,56/44
MAZDA,CX-5 GX 4DR SUV FWD (2016.5),12,455,184,167,270,1489,123,146,39,87,111,94,91,158,158,56/44
MAZDA,CX-5 2.0L FWD 4DR SUV (2017),18,455,184,168,270,1505,130,147,39,90,105,96,91,160,160,59/41
MAZDA,CX-5 2.5L AWD 4DR SUV (2017),18,455,184,168,270,1659,130,147,39,90,105,96,91,160,160,57/43
MAZDA,CX-5 2.5L FWD 4DR SUV (2017),18,455,184,168,270,1602,130,147,39,90,105,96,91,160,160,59/41
MAZDA,CX-9 4DR SUV AWD,16,507,197,172,293,1969,140,179,39,102,119,102,111,164,164,55/45
MAZDA,CX-9 4DR SUV FWD,16,507,197,172,293,1837,140,179,39,102,119,102,111,164,164,55/45
MAZDA,MAZDA3 GT 4DR SEDAN,14,458,180,146,270,1383,128,45,32,79,113,93,96,156,156,60/40
MAZDA,MAZDA3 GX/GS 4DR SEDAN,14,458,180,146,270,1327,128,45,32,79,113,93,96,156,156,60/40
MAZDA,MAZDA3 SPORT GT 4DR HATCBACK,14,446,180,146,270,1384,128,133,35,78,113,93,84,156,156,59/41
MAZDA,MAZDA3 SPORT GX/GS 4DR HATCBACK,14,446,180,146,270,1330,128,133,35,78,113,93,84,156,156,59/41
MAZDA,MAZDA5 4DR MINIVAN,11,459,175,162,275,1578,104,178,41,89,110,92,92,154,152,51/49
MAZDA,MAZDA6 4DR SEDAN,13,489,184,145,283,1474,133,52,30,82,115,96,108,159,158,59/41
MAZDA,MX-5 2DR CONVERTIBLE,15,391,173,124,231,1058,148,71,N/A,69,112,76,85,151,152,53/47
MAZDA,MX-5 RF 2DR COUPE,17,391,173,124,231,1058,148,59,N/A,69,112,76,85,151,152,53/47
MCLAREN,570S / 540C 2DR COUPE,16,453,191,120,267,1313,N/A,N/A,N/A,N/A,N/A,N/A,N/A,N/A,N/A,42/58
MCLAREN,650S 2DR COUPE,15,451,191,120,267,1330,108,75,26,70,92,106,79,166,158,42/58
MCLAREN,650S SPIDER 2DR CONVERTIBLE,15,451,191,120,267,1370,108,75,26,70,92,106,79,166,158,42/58
MCLAREN,675LT 2DR COUPE,16,455,191,119,267,1230,108,79,26,70,92,106,83,N/A,N/A,42/58
MCLAREN,675LT SPIDER 2DR CONVERTIBLE,16,455,191,119,267,1270,108,79,26,70,92,106,83,N/A,N/A,42/58
MCLAREN,P1 2DR COUPE,14,459,195,119,267,1490,N/A,N/A,N/A,N/A,N/A,N/A,N/A,N/A,N/A,N/A
MERCEDES-BENZ,B CLASS B 250 4DR HATCHBACK FWD,15,439,181,156,270,1465,112,154,41,87,114,91,78,155,156,59/41
MERCEDES-BENZ,B CLASS B 250 4MATIC 4DR HATCHBACK AWD,15,439,181,156,270,1505,112,154,41,87,114,91,78,155,156,59/41
MERCEDES-BENZ,C CLASS AMG C63/C63S 2DR CONVERTIBLE,17,475,181,140,284,1908,142,53,31,83,106,79,106,156,155,53/47
MERCEDES-BENZ,C CLASS AMG C63/C63S 2DR COUPE,17,475,181,140,284,1848,142,53,31,83,106,79,106,156,155,53/47
MERCEDES-BENZ,C CLASS C 300 4MATIC 4DR SEDAN,14,469,181,144,284,1625,143,57,35,84,106,79,106,159,157,55/45
MERCEDES-BENZ,C CLASS C 43 AMG 4MATIC 4DR SEDAN,14,469,181,144,284,1690,143,57,35,84,106,79,106,159,157,55/45
MERCEDES-BENZ,C CLASS C 63 AMG 4DR SEDAN,16,476,181,143,284,1715,150,57,35,84,106,86,106,159,157,55/45
MERCEDES-BENZ,C CLASS C300 4MATIC 2DR CONVERTIBLE,17,470,181,140,284,1805,142,53,31,83,106,79,106,156,155,N/A
MERCEDES-BENZ,C CLASS C300 4MATIC 2DR COUPE,17,470,181,140,284,1705,142,53,31,83,106,79,106,156,155,N/A
MERCEDES-BENZ,C CLASS C43 4MATIC 2DR CONVERTIBLE,17,470,181,140,284,1914,142,53,31,83,106,79,106,156,155,53/47
MERCEDES-BENZ,C CLASS C43 4MATIC 2DR COUPE,17,470,181,140,284,1800,142,53,31,83,106,79,106,156,155,55/45
MERCEDES-BENZ,CLA CLASS CLA250 4DR COUPE FWD,14,463,178,144,270,1480,131,56,30,85,107,91,103,155,154,61/39
MERCEDES-BENZ,CLA CLASS CLA250 4MATIC 4DR COUPE AWD,14,463,178,144,270,1540,131,56,30,85,107,91,103,155,154,61/39
MERCEDES-BENZ,CLA CLASS CLA45 AMG,14,469,178,142,270,1585,135,56,30,85,107,95,103,155,154,61/39
MERCEDES-BENZ,CLS CLASS CLS 550 4MATIC 4DR SEDAN,12,494,188,142,287,1940,147,59,34,80,119,90,117,159,163,51/49
MERCEDES-BENZ,CLS CLASS CLS 63 AMG 4DR SEDAN,16,500,188,142,287,1870,N/A,N/A,34,80,119,N/A,N/A,159,163,51/49
MERCEDES-BENZ,E CLASS AMG E43 4MATIC 4DR SEDAN,17,492,185,145,294,1880,148,59,36,86,110,84,114,160,162,54/46
MERCEDES-BENZ,E CLASS E 400 4MATIC 2DR COUPE AWD,10,470,179,139,276,1794,143,53,30,81,101,85,109,154,155,52/48
MERCEDES-BENZ,E CLASS E 400 CABRIOLET 2DR CONV,10,471,179,140,276,1834,144,86,30,81,115,86,109,153,152,52/48
MERCEDES-BENZ,E CLASS E 550 2DR COUPE,10,470,179,139,276,1829,143,53,30,81,101,85,109,154,155,52/48
MERCEDES-BENZ,E CLASS E 550 CABRIOLET 2DR CONV,10,471,179,140,276,1934,144,86,30,81,115,86,109,153,152,52/48
MERCEDES-BENZ,E CLASS E300 4MATIC 4DR SEDAN,17,492,185,147,294,1765,148,59,36,86,110,84,114,160,162,54/46
MERCEDES-BENZ,E CLASS E400 4MATIC 4DR SEDAN,17,492,185,147,294,1820,148,59,36,86,110,84,114,160,162,54/46
MERCEDES-BENZ,E CLASS E400 4MATIC 4DR WAGON,17,493,185,148,294,1935,148,185,36,85,103,84,115,160,161,N/A
MERCEDES-BENZ,G CLASS 4DR SUV 4WD,02,444,181,198,285,2550,148,169,48,93,149,77,82,154,152,53/47
MERCEDES-BENZ,GLA CLASS GLA 250 4MATIC 4DR SUV AWD,14,442,180,154,270,1505,130,142,33,83,101,91,81,157,156,60/40
MERCEDES-BENZ,GLA CLASS GLA 45 AMG 4MATIC 4DR SUV AWD,14,444,180,148,270,1585,130,142,33,83,101,91,81,157,156,60/40
MERCEDES-BENZ,GLC CLASS 300 4MATIC 4DR SUV,16,466,188,164,287,1815,143,157,38,89,97,83,96,162,162,53/47
MERCEDES-BENZ,GLC CLASS 300 4MATIC COUPE,17,473,189,160,287,1815,143,118,37,88,104,83,103,162,162,53/47
MERCEDES-BENZ,GLC CLASS 43 4MATIC 4DR SUV,16,466,188,163,287,1880,143,157,38,89,97,83,96,162,162,53/47
MERCEDES-BENZ,GLE CLASS 400 4MATIC,16,482,193,180,292,2235,137,172,42,93,116,89,101,165,166,52/48
MERCEDES-BENZ,GLE CLASS 43 4MATIC,16,482,193,176,292,2260,137,172,42,93,116,89,101,165,166,52/48
MERCEDES-BENZ,GLE CLASS 550 4MATIC,16,482,193,176,292,N/A,137,172,42,93,116,89,101,165,166,52/48
MERCEDES-BENZ,GLE CLASS 550e 4MATIC,16,482,193,176,292,2475,137,172,42,93,116,89,101,165,166,52/48
MERCEDES-BENZ,GLE CLASS AMG 63 S 4MATIC,16,485,193,176,292,2370,140,172,42,93,116,92,101,165,166,52/48
MERCEDES-BENZ,GLE COUPE 43 AMG 4MATIC,15,490,200,173,292,2220,136,113,37,93,126,90,109,166,172,54/46
MERCEDES-BENZ,GLE COUPE AMG 63 S 4MATIC,15,491,200,173,292,2350,136,113,37,93,126,90,109,166,172,52/48
MERCEDES-BENZ,GLS CLASS AMG GLS 63 4DR SUV AWD,17,513,193,184,308,2610,137,217,38,96,118,89,116,166,168,50/50
MERCEDES-BENZ,GLS CLASS GLS 450 4MATIC 4DR SUV,17,513,193,185,308,2420,137,217,38,96,118,89,116,166,168,50/50
MERCEDES-BENZ,GLS CLASS GLS 550 4MATIC 4DR SUV,17,513,193,185,308,2530,137,217,38,96,118,89,116,166,168,50/50
MERCEDES-BENZ,GT S 2DR COUPE,15,455,194,129,263,1645,177,58,27,77,107,91,102,168,165,52/48
MERCEDES-BENZ,METRIS CARGO VAN,16,514,193,189,320,1915,96,246,56,92,137,90,104,166,165,N/A
MERCEDES-BENZ,METRIS PASSENGER VAN,16,514,193,191,320,2200,96,246,56,92,137,90,104,166,165,N/A
MERCEDES-BENZ,S CLASS S 400 4MATIC 4DR SEDAN,14,512,190,150,304,2095,153,67,36,87,114,89,120,164,163,53/47
MERCEDES-BENZ,S CLASS S 550 4MATIC 4DR SEDAN LWB,14,525,190,149,316,2165,153,67,36,87,114,89,120,164,163,53/47
MERCEDES-BENZ,S CLASS S 550 4MATIC 4DR SEDAN SWB,14,512,190,150,304,2145,153,67,36,87,114,89,120,164,163,53/47
MERCEDES-BENZ,S CLASS S 550e 4DR SEDAN,14,525,190,149,316,2215,153,67,36,87,114,89,120,164,163,53/47
MERCEDES-BENZ,S CLASS S 600 4DR SEDAN,14,525,190,149,316,2285,153,67,36,87,114,89,120,164,163,53/47
MERCEDES-BENZ,S CLASS S 63 AMG 4MATIC 4DR SEDAN,14,529,190,150,316,2180,155,69,36,87,114,91,122,164,163,53/47
MERCEDES-BENZ,S CLASS S 65 AMG 4DR SEDAN,14,529,190,150,316,2254,155,69,36,87,114,91,122,164,163,53/47
MERCEDES-BENZ,S CLASS S550 / S63 AMG 4MATIC CABRIOLET,17,503,190,142,295,2185,161,N/A,29,86,116,95,113,163,165,53/47
MERCEDES-BENZ,S CLASS S550 4MATIC 2DR COUPE,15,503,190,141,295,2090,159,63,29,86,116,95,113,163,165,53/47
MERCEDES-BENZ,S CLASS S550 CABRIOLET,17,503,190,142,295,2186,161,N/A,29,86,116,96,113,163,165,53/47
MERCEDES-BENZ,S CLASS S63 AMG 4MATIC 2DR COUPE,15,504,190,142,295,2070,161,63,29,86,116,97,113,163,165,53/47
MERCEDES-BENZ,S CLASS S63 AMG 4MATIC CABRIOLET,17,504,190,143,295,2185,161,N/A,29,86,116,97,113,163,165,53/47
MERCEDES-BENZ,S CLASS S65 AMG 2DR COUPE,15,504,190,142,295,2185,161,63,29,86,116,97,113,163,165,53/47
MERCEDES-BENZ,S CLASS S65 AMG CABRIOLET,17,504,190,143,295,2255,161,N/A,29,86,116,97,113,163,165,53/47
MERCEDES-BENZ,S600 MAYBACH,15,545,190,150,337,2335,153,66,30,86,115,90,120,162,164,N/A
MERCEDES-BENZ,SL CLASS SL450 2DR CONVERTIBLE,16,463,188,132,259,1735,164,78,N/A,78,124,99,105,160,160,50/50
MERCEDES-BENZ,SL CLASS SL550 2DR CONVERTIBLE,16,463,188,132,259,1795,164,78,N/A,78,124,99,105,160,160,52/48
MERCEDES-BENZ,SL CLASS SL63 AMG 2DR CONVERTIBLE,16,464,188,132,259,1845,164,78,N/A,78,124,99,105,160,160,51/49
MERCEDES-BENZ,SL CLASS SL65 AMG 2DR CONVERTIBLE,16,464,188,132,259,1950,164,78,N/A,78,124,99,105,160,160,52/48
MERCEDES-BENZ,SLC CLASS SLC 300 2DR CONVERTIBLE,17,413,181,130,243,1505,152,67,N/A,78,118,87,84,156,157,50/50
MERCEDES-BENZ,SLC CLASS SLC 43 AMG 2DR CONVERTIBLE,17,413,181,130,243,1595,152,67,N/A,78,118,87,84,156,157,50/50
MERCEDES-BENZ,SPRINTER 2500 CARGO VAN 144-IN WB HIGH RO,14,592,202,273,366,2353,90,348,62,118,173,104,122,172,173,N/A
MERCEDES-BENZ,SPRINTER 2500 CARGO VAN 144-IN WB STANDARD RO,14,592,202,245,366,2324,90,348,62,118,173,104,122,172,173,N/A
MERCEDES-BENZ,SPRINTER 2500 CARGO VAN 170-IN WB EXTRALONG H,14,736,202,273,432,2575,90,492,62,118,173,104,200,172,173,N/A
MERCEDES-BENZ,SPRINTER 2500 CARGO VAN 170-IN WB EXTRALONG S,14,736,202,297,432,2581,90,492,62,118,173,104,200,172,173,N/A
MERCEDES-BENZ,SPRINTER 2500 CARGO VAN 170-IN WB HIGH ROOF,14,696,202,283,432,2593,90,454,62,118,173,104,160,172,173,N/A
MERCEDES-BENZ,SPRINTER 2500 CARGO VAN 170-IN WB HIGH ROOF,14,696,202,273,432,2515,90,454,62,118,173,104,160,172,173,N/A
MERCEDES-BENZ,SPRINTER 2500 CARGO VAN 170-IN WB SUPER HIGH,14,696,202,297,432,2521,90,454,62,118,173,104,160,172,173,N/A
MERCEDES-BENZ,SPRINTER 2500 CARGO VAN 4X4 144-IN WB HIGH RO,14,592,202,283,366,2443,90,348,62,118,173,104,122,172,173,N/A
MERCEDES-BENZ,SPRINTER 2500 CARGO VAN 4X4 144-IN WB STANDARD RO,14,592,202,255,366,2413,90,348,62,118,173,104,122,172,173,N/A
MERCEDES-BENZ,SPRINTER 2500 CARGO VAN 4X4 170-IN WB EXTRALONG H,14,736,202,283,432,2648,90,492,62,118,173,104,200,172,173,N/A
MERCEDES-BENZ,SPRINTER 2500 PASSENGER VAN  4X4 144-IN WB HIGH RO,14,592,202,283,366,2718,90,318,62,118,173,104,122,172,173,N/A
MERCEDES-BENZ,SPRINTER 2500 PASSENGER VAN 144-IN WB HIGH RO,14,592,202,273,366,2631,90,318,62,118,173,104,122,172,173,N/A
MERCEDES-BENZ,SPRINTER 2500 PASSENGER VAN 144-IN WB STANDAR,14,592,202,245,366,2603,90,318,62,118,173,104,122,172,173,N/A
MERCEDES-BENZ,SPRINTER 2500 PASSENGER VAN 170-IN WB HIGH RO,14,696,202,273,432,2804,90,454,62,118,173,104,160,172,173,N/A
MERCEDES-BENZ,SPRINTER 2500 PASSENGER VAN 4X4 144-IN WB STANDAR,14,592,202,255,366,2688,90,318,62,118,173,104,122,172,173,N/A
MERCEDES-BENZ,SPRINTER 2500 PASSENGER VAN 4X4 170-IN WB HIGH RO,14,696,202,283,432,2888,90,454,62,118,173,104,160,172,173,N/A
MERCEDES-BENZ,SPRINTER 3500 CARGO VAN 144-IN WB HIGH ROOF,14,592,202,281,366,2552,90,318,62,118,173,104,122,172,173,N/A
MERCEDES-BENZ,SPRINTER 3500 CARGO VAN 170-IN WB EXTRALONG H,14,736,202,281,432,2796,90,492,62,118,173,104,200,172,173,N/A
MERCEDES-BENZ,SPRINTER 3500 CARGO VAN 170-IN WB EXTRALONG S,14,736,202,305,432,2802,90,492,62,118,173,104,200,172,173,N/A
MERCEDES-BENZ,SPRINTER 3500 CARGO VAN 170-IN WB HIGH ROOF,14,696,202,291,432,2803,90,454,62,118,173,104,160,172,173,N/A
MERCEDES-BENZ,SPRINTER 3500 CARGO VAN 170-IN WB HIGH ROOF,14,696,202,281,432,2731,90,454,62,118,173,104,160,172,173,N/A
MERCEDES-BENZ,SPRINTER 3500 CARGO VAN 170-IN WB SUPER HIGH,14,696,202,305,432,2737,90,454,62,118,173,104,160,172,173,N/A
MERCEDES-BENZ,SPRINTER 3500 CARGO VAN 4X4 144-IN WB HIGH ROOF,14,592,202,291,366,2633,90,318,62,118,173,104,122,172,173,N/A
MERCEDES-BENZ,SPRINTER 3500 CARGO VAN 4X4 170-IN WB EXTRALONG H,14,736,202,291,432,2878,90,492,62,118,173,104,200,172,173,N/A
MINI,3 DOOR COOPER HATCH FWD,14,384,173,141,250,1182,105,91,33,82,114,76,58,150,150,61/39
MINI,3 DOOR COOPER S HATCH FWD,14,386,173,141,250,1252,106,92,33,82,114,77,59,149,149,63/37
MINI,3 DOOR JOHN COOPER WORKS HATCH FWD,14,387,173,141,250,1290,106,92,33,82,114,77,59,149,149,62/38
MINI,5 DOOR COOPER HATCH FWD,15,400,173,143,257,1247,110,109,33,81,98,76,68,150,150,60/40
MINI,5 DOOR COOPER S HATCH FWD,15,401,173,143,257,1313,110,110,33,81,98,76,69,149,149,61/39
MINI,CLUBMAN COOPER,16,426,180,144,267,1408,115,149,33,82,94,79,80,156,156,57/43
MINI,CLUBMAN COOPER ALL4,16,426,180,144,267,1529,115,149,33,82,94,79,80,156,156,56/44
MINI,CLUBMAN COOPER S,16,426,180,144,267,1467,115,149,33,82,94,79,80,156,156,59/41
MINI,CLUBMAN COOPER S ALL4 / JOHN COOPER WORKS ALL4,16,426,180,144,267,1563,115,149,33,82,94,79,80,156,156,56/44
MINI,CONVERTIBLE COOPER 2DR FWD,16,384,173,141,250,1295,105,N/A,33,82,114,76,58,150,150,61/39
MINI,CONVERTIBLE COOPER S / JOHN COOPER WORKS 2DR FWD,16,386,173,141,250,1354,106,N/A,33,82,114,77,59,149,149,62/38
MINI,COUNTRYMAN COOPER,17,431,182,156,267,1497,114,144,39,89,96,84,81,158,158,58/42
MINI,COUNTRYMAN COOPER ALL4 4DR SUV,11,431,182,156,267,1592,114,144,39,89,96,84,81,158,158,58/42
MINI,COUNTRYMAN COOPER S / JOHN COOPER WORKS ALL4 4DR SUV,11,431,182,156,267,1646,114,144,39,89,96,84,81,158,158,58/42
MINI,PACEMAN COOPER S ALL4 2DR COUPE,13,412,179,152,260,1365,111,96,31,86,121,77,75,152,155,59/41
MITSUBISHI,iMiEV 4DR HATCHBACK ES,12,368,159,162,255,1146,52,118,39,86,119,58,55,142,138,45/55
MITSUBISHI,LANCER 4DR SEDAN AWD ES/SE LTD/GTS AWC,16,462,176,148,264,1425,114,50,36,82,108,101,98,153,152,61/39
MITSUBISHI,LANCER 4DR SEDAN FWD ES/SE LTD/GTS,16,462,176,148,264,1310,114,50,36,82,108,101,98,153,152,61/39
MITSUBISHI,LANCER SPORTBACK 4DR HATCH SE/GT FWD,16,464,176,151,264,1355,123,31,33,81,111,102,98,153,153,59/41
MITSUBISHI,MIRAGE 5DR HATCH,17,380,167,151,245,940,90,112,39,77,106,75,61,143,142,61/39
MITSUBISHI,MIRAGE G4 SEDAN,17,431,167,151,255,975,101,51,36,83,108,80,97,145,143,58/42
MITSUBISHI,OUTLANDER 4DR SUV ES AWC,17,470,181,168,267,1535,128,170,42,87,112,99,104,154,154,56/44
MITSUBISHI,OUTLANDER 4DR SUV ES FWD,17,470,181,168,267,1475,128,170,42,87,112,99,104,154,154,57/43
MITSUBISHI,OUTLANDER 4DR SUV SE/GT S AWC,17,470,181,168,267,1595,128,170,42,87,112,99,104,154,154,57/43
MITSUBISHI,RVR 4DR SUV ES/SE FWD,16,435,181,163,267,1375,113,136,38,87,116,93,75,153,153,59/41
MITSUBISHI,RVR 4DR SUV SE/GT AWC,16,435,181,163,267,1475,113,136,38,87,116,93,75,153,153,59/41
NISSAN,370Z NISMO 2 DR COUPE,15,433,187,132,255,1547,141,54,30,76,115,89,90,155,158,54/46
NISSAN,370Z ROADSTER 2DR RWD,10,425,185,133,255,1584,135,91,30,76,123,83,87,155,160,54/46
NISSAN,370Z TOURING COUPE 2DR RWD,09,426,184,132,255,1516,135,51,30,76,115,83,87,154,156,54/46
NISSAN,ALTIMA 2.5 4DR SEDAN,13,487,183,147,278,1453,125,55,34,80,110,97,112,159,158,60/40
NISSAN,ALTIMA 3.5 4DR SEDAN,13,487,183,148,278,1574,125,55,34,80,110,97,112,158,158,61/39
NISSAN,ARMADA 4DR SUV,17,531,203,193,308,2684,141,220,43,92,133,97,127,172,173,52/48
NISSAN,FRONTIER CREW CAB 4X4 PRO-4X,05,522,185,178,320,2085,121,269,41,81,109,79,123,157,157,57/43
NISSAN,FRONTIER CREW CAB 4X4 SL,05,557,185,178,355,2154,121,304,41,81,109,79,123,157,157,57/43
NISSAN,FRONTIER CREW CAB 4X4 SV,05,557,185,178,355,2073,121,304,41,81,109,79,123,157,157,57/43
NISSAN,FRONTIER KING CAB 4X4 SV/PRO-4X,05,522,185,177,320,1956,118,268,44,81,115,79,123,157,157,57/43
NISSAN,FRONTIER KING CAB S/BOX 4X2 S,05,522,185,174,320,1712,118,268,44,81,115,79,123,157,157,57/43
NISSAN,FRONTIER KING CAB S/BOX 4X2 SV,05,522,185,177,320,1880,118,268,44,81,115,79,123,157,157,57/43
NISSAN,GT-R 2DR COUPE,09,466,190,137,278,1779,137,64,32,82,102,91,95,159,160,54/46
NISSAN,JUKE 4DR SUV NISMO AWD,14,416,177,157,253,1460,111,105,34,84,103,85,78,153,151,60/40
NISSAN,JUKE 4DR SUV SV FWD,11,413,177,157,253,1360,110,102,34,84,103,84,75,153,153,60/40
NISSAN,JUKE 4DR SUV SV/SL AWD,11,413,177,157,253,1443,110,102,34,84,103,84,75,153,151,60/40
NISSAN,LEAF 4DR HATCHBACK S/SV,11,445,177,155,270,1481,108,138,39,83,108,95,78,154,153,56/44
NISSAN,LEAF 4DR HATCHBACK SL,11,445,177,155,270,1541,108,138,39,83,108,95,78,154,153,56/44
NISSAN,MAXIMA 4DR SEDAN,16,490,186,144,278,1627,129,61,30,85,113,102,112,158,158,61/39
NISSAN,MICRA 4DR HATCHBACK,14,383,167,153,245,1044,97,113,41,78,91,76,62,146,147,59/41
NISSAN,MURANO 4DR SUV AWD,15,489,192,169,283,1787,126,165,38,89,105,105,102,164,164,59/41
NISSAN,MURANO 4DR SUV FWD,15,489,192,169,283,1721,126,165,38,89,105,105,102,164,164,59/41
NISSAN,NV1500 STANDARD ROOF S,11,611,203,213,371,2634,146,312,58,104,168,105,133,175,175,N/A
NISSAN,NV200 S/SV VAN,13,473,173,187,293,1479,100,208,48,98,126,95,84,153,152,N/A
NISSAN,NV2500 HIGHROOF V6 S,11,611,203,267,371,2716,146,312,58,104,168,105,133,175,175,N/A
NISSAN,NV2500 HIGHROOF V6 SV/V8 S,11,611,203,267,371,2759,146,312,58,104,168,105,133,175,175,N/A
NISSAN,NV2500 HIGHROOF V8 SV,11,611,203,267,371,2826,146,312,58,104,168,105,133,175,175,N/A
NISSAN,NV2500 STANDARD ROOF V6 S/V6 SV/V8 S,11,611,203,213,371,2671,146,312,58,104,168,105,133,175,175,N/A
NISSAN,NV2500 STANDARD ROOF V8 SV,11,611,203,213,371,2748,146,312,58,104,168,105,133,175,175,N/A
NISSAN,NV3500 HIGHROOF V8 S,11,611,203,269,371,2751,146,312,58,104,168,105,133,175,175,N/A
NISSAN,NV3500 HIGHROOF V8 SV,11,611,203,269,371,2828,146,312,58,104,168,105,133,175,175,N/A
NISSAN,NV3500 PASSENGER VAN STANDARD ROOF S V6/S V8/,11,611,203,213,371,3068,146,312,58,104,168,105,133,175,175,N/A
NISSAN,NV3500 PASSENGER VAN STANDARD ROOF SV V8/SL V,11,611,203,213,371,3143,146,312,58,104,168,105,133,175,175,N/A
NISSAN,NV3500 STANDARD ROOF V8 S,11,611,203,216,371,2673,146,312,58,104,168,105,133,175,175,N/A
NISSAN,NV3500 STANDARD ROOF V8 SV,11,611,203,216,371,2750,146,312,58,104,168,105,133,175,175,N/A
NISSAN,PATHFINDER FWD 4DR SUV,17,504,196,178,290,1939,122,191,43,87,114,100,116,167,167,54/46
NISSAN,PATHFINDER PLATINUM AWD 4DR SUV,17,504,196,178,290,2119,122,191,43,87,114,100,116,167,167,54/46
NISSAN,PATHFINDER S/SV/SL AWD 4DR SUV,17,504,196,178,290,2005,122,191,43,87,114,100,116,167,167,54/46
NISSAN,ROGUE 4DR SUV AWD,14,463,184,172,270,1610,117,165,41,85,111,93,100,160,160,57/43
NISSAN,ROGUE 4DR SUV FWD,14,463,184,172,270,1550,117,165,41,85,111,93,100,160,160,57/43
NISSAN,SENTRA 4DR SEDAN,13,463,176,150,270,1300,109,50,34,80,113,91,102,153,153,60/40
NISSAN,SENTRA TURBO 4DR SEDAN,13,464,176,150,270,1370,109,50,34,80,113,91,102,153,153,60/40
NISSAN,TITAN CREW CAB PRO-4X,17,575,205,196,355,2638,135,295,49,92,129,101,118,179,179,58/42
NISSAN,TITAN CREW CAB S / SV,17,574,202,193,355,2580,135,295,49,92,129,101,118,179,179,58/42
NISSAN,TITAN CREW CAB SL / PLATINUM RESERVE,17,575,205,196,355,2692,135,295,49,92,129,101,118,179,179,58/42
NISSAN,TITAN SINGLE CAB S / SV,17,574,202,191,355,2571,135,295,49,92,129,101,118,179,179,N/A
NISSAN,TITAN XD CREW CAB PRO-4X,16,610,205,199,385,3298,140,324,45,92,129,107,118,178,178,N/A
NISSAN,TITAN XD CREW CAB S / SV 4X2,16,610,202,198,385,3050,140,324,45,92,129,107,118,178,178,N/A
NISSAN,TITAN XD CREW CAB S / SV 4X4,16,610,202,198,385,3175,140,324,45,92,129,107,118,178,178,N/A
NISSAN,TITAN XD CREW CAB SL / PLATINUM RESERVE 4X2,16,610,202,200,385,3232,140,324,45,92,129,107,118,178,178,N/A
NISSAN,TITAN XD CREW CAB SL / PLATINUM RESERVE 4X4,16,610,202,200,385,3358,140,324,45,92,129,107,118,178,178,N/A
NISSAN,TITAN XD SINGLE CAB 4X2,16,580,202,196,355,2583,140,294,45,92,129,107,118,178,178,N/A
NISSAN,TITAN XD SINGLE CAB 4X4,16,580,202,196,355,2702,140,294,45,92,129,107,118,178,178,N/A
NISSAN,VERSA NOTE 4DR HATCHBACK,13,415,170,154,260,1114,96,133,34,83,102,84,71,148,148,60/40
PAGANI,HUAYRA,15,461,204,117,280,1350,N/A,N/A,N/A,N/A,N/A,N/A,N/A,N/A,N/A,44/56
PORSCHE,718 BOXSTER BASE/S 2DR CONVERTIBLE,16,438,180,128,248,1335,135,100,30,75,122,99,90,152,156,46/54
PORSCHE,718 CAYMAN BASE/S 2DR COUPE RWD,17,438,180,129,248,1335,135,52,30,75,102,99,90,152,156,46/54
PORSCHE,911 CARRERA 4/4S/4GTS 2DR COUPE AWD,12,449,185,130,245,1480,135,70,31,73,99,100,106,153,156,38/62
PORSCHE,911 CARRERA 4/4S/4GTS CABRIOLET AWD,12,449,185,130,245,1550,135,70,31,73,N/A,100,106,153,156,38/62
PORSCHE,911 CARRERA BASE/S 2DR COUPE RWD,12,449,181,130,245,1430,135,70,31,73,99,100,106,153,152,38/62
PORSCHE,911 CARRERA BASE/S CABRIOLET 2DR CONVERTIBLE,12,449,181,130,245,1500,135,70,31,73,N/A,100,106,153,152,38/62
PORSCHE,911 CARRERA GTS 2DR COUPE RWD,12,449,185,130,245,1425,135,70,31,73,99,100,106,153,156,38/62
PORSCHE,911 CARRERA GTS CABRIOLET 2DR CONVERTIBLE,12,449,185,130,245,1495,135,70,31,73,N/A,100,106,153,156,38/62
PORSCHE,911 GT3 2DR COUPE RWD,14,455,185,127,246,1430,N/A,N/A,31,73,99,N/A,N/A,155,156,38/62
PORSCHE,911 TARGA 4/4S/4GTS 2DR COUPE AWD,12,449,185,130,245,1570,135,70,31,73,99,100,106,153,156,38/62
PORSCHE,911 TURBO CABRIOLET /TURBO S CABRIOLET,14,451,188,130,245,1665,137,68,31,73,N/A,102,104,154,159,39/61
PORSCHE,911 TURBO/TURBO S COUPE 2DR AWD,14,451,188,130,245,1595,137,68,31,73,99,102,104,154,159,39/61
PORSCHE,CAYENNE 4DR SUV,11,485,194,171,290,2110,139,151,42,87,122,98,98,165,167,53/47
PORSCHE,CAYENNE S E-HYBRID 4DR SUV,11,485,194,171,290,2350,139,151,42,87,122,98,98,165,167,53/47
PORSCHE,CAYENNE S/GTS 4DR SUV,11,485,194,171,290,2085,139,151,42,87,122,98,98,165,167,53/47
PORSCHE,CAYENNE TURBO/TURBO S 4DR SUV,11,485,194,170,290,2260,139,151,42,87,122,98,98,165,167,53/47
PORSCHE,MACAN 4DR SUV AWD,14,468,192,162,281,1865,136,134,38,87,123,94,94,163,165,57/43
PORSCHE,MACAN TURBO 4DR SUV AWD,14,468,192,162,281,1925,136,134,38,87,123,94,94,163,165,57/43
PORSCHE,PANAMERA,17,505,194,142,295,1815,149,114,36,81,109,98,113,165,163,N/A
PORSCHE,PANAMERA 4 / 4S,17,505,194,142,295,1870,149,114,36,81,109,98,113,165,163,N/A
PORSCHE,PANAMERA 4 / 4S EXECUTIVE,17,520,194,142,310,1980,149,129,36,81,109,98,113,165,163,N/A
PORSCHE,PANAMERA 4 E_HYBRID EXECUTIVE,17,520,194,142,310,2250,149,129,36,81,109,98,113,165,163,N/A
PORSCHE,PANAMERA 4 E-HYBRID,17,505,194,142,295,2170,149,114,36,81,109,98,113,165,163,N/A
PORSCHE,PANAMERA TURBO,17,505,194,142,295,1995,149,114,36,81,109,98,113,165,163,N/A
PORSCHE,PANAMERA TURBO EXECUTIVE,17,520,194,142,310,2100,149,129,36,81,109,98,113,165,163,N/A
PORSCHE,PANAMERA TURBO S E-HYBRID,17,505,194,142,295,2310,149,114,36,81,109,98,113,165,163,N/A
PORSCHE,PANAMERA TURBO S E-HYBRID EXECUTIVE,17,520,194,142,310,2410,149,129,36,81,109,98,113,165,163,N/A
RAM TRUCKS,PROMASTER 1500 HIGH ROOF 136 IN. WB CARGO VAN,14,541,205,252,345,2145,72,316,66,101,190,95,101,181,179,N/A
RAM TRUCKS,PROMASTER 1500 LOW ROOF 118 IN. WB CARGO VAN,14,496,205,225,300,2072,72,271,66,101,190,95,101,181,179,N/A
RAM TRUCKS,PROMASTER 1500 LOW ROOF 136 IN. WB CARGO VAN,14,541,205,225,345,2104,72,316,66,101,190,95,101,181,179,N/A
RAM TRUCKS,PROMASTER 2500 HIGH ROOF 136 IN. WB CARGO VAN,14,541,205,252,345,2169,72,316,66,101,190,95,101,181,179,N/A
RAM TRUCKS,PROMASTER 2500 HIGH ROOF 159 IN. WB CARGO VAN,14,600,205,252,404,2233,72,375,66,101,190,95,101,181,179,N/A
RAM TRUCKS,PROMASTER 3500 HIGH ROOF 159 IN. WB CARGO VAN,14,600,205,252,404,2251,72,375,66,101,190,95,101,181,179,N/A
RAM TRUCKS,PROMASTER 3500 HIGH ROOF 159 IN. WB EXT CARGO VAN,14,636,205,252,404,2283,72,411,66,101,190,95,137,181,179,N/A
RAM TRUCKS,PROMASTER CITY VAN,15,477,183,188,308,1610,108,215,50,87,133,92,77,151,153,N/A
RAM TRUCKS,PROMASTER CITY WAGON,15,477,183,188,308,1678,108,215,50,87,133,92,77,151,153,N/A
RAM TRUCKS,RAM 1500 CREW CAB 5.7-FT BOX 2WD,09,574,201,195,357,2245,137,307,45,97,137,102,116,173,172,57/43
RAM TRUCKS,RAM 1500 CREW CAB 5.7-FT BOX 4X4,09,574,201,197,357,2336,137,307,45,97,137,102,116,173,172,57/43
RAM TRUCKS,RAM 1500 CREW CAB 6.4-FT BOX 2WD,09,597,201,195,379,2355,137,330,45,97,137,102,116,174,172,57/43
RAM TRUCKS,RAM 1500 CREW CAB 6.4-FT BOX 4X4,09,597,201,197,379,2443,137,330,45,97,137,102,116,173,172,57/43
RAM TRUCKS,RAM 1500 QUAD CAB 6.4-FT BOX 2WD,09,574,201,196,357,2225,137,307,46,96,137,102,116,173,172,57/43
RAM TRUCKS,RAM 1500 QUAD CAB 6.4-FT BOX 4X4,09,574,201,198,357,2305,137,307,46,96,137,102,116,173,172,57/43
RAM TRUCKS,RAM 1500 REG CAB 6.4-FT BOX 2WD,09,523,201,189,306,2046,137,234,45,97,137,102,116,173,172,57/43
RAM TRUCKS,RAM 1500 REG CAB 6.4-FT BOX 4X4,09,523,201,191,306,2143,137,234,45,97,137,102,116,173,172,57/43
RAM TRUCKS,RAM 1500 REG CAB 8-FT BOX 2WD,09,579,201,189,357,2134,137,290,45,97,137,102,121,173,172,57/43
RAM TRUCKS,RAM 1500 REG CAB 8-FT BOX 4X4,09,579,201,191,357,2218,137,290,45,97,137,102,121,173,172,57/43
RAM TRUCKS,RAM 2500 CREW CAB L/BOX 2WD,10,652,202,N/A,431,2934,135,387,50,97,134,100,121,175,174,N/A
RAM TRUCKS,RAM 2500 CREW CAB L/BOX 4WD,10,652,202,N/A,431,3090,135,387,50,97,134,100,121,175,174,N/A
RAM TRUCKS,RAM 2500 CREW CAB S/BOX 2WD,10,595,202,N/A,379,2865,135,330,50,97,134,100,116,175,174,N/A
RAM TRUCKS,RAM 2500 CREW CAB S/BOX 4WD,10,595,202,N/A,379,3005,135,330,50,97,134,100,116,175,174,N/A
RAM TRUCKS,RAM 2500 MEGA CAB S/BOX 2WD,10,624,202,N/A,408,3078,135,359,50,97,134,100,116,175,174,N/A
RAM TRUCKS,RAM 2500 MEGA CAB S/BOX 4WD,10,624,202,N/A,408,3200,135,359,50,97,134,100,116,175,174,N/A
RAM TRUCKS,RAM 2500 REG CAB L/BOX 2WD,10,577,202,N/A,356,2706,135,290,50,97,134,100,121,175,174,N/A
RAM TRUCKS,RAM 2500 REG CAB L/BOX 4WD,10,577,202,N/A,356,2872,135,290,50,97,134,100,121,175,174,N/A
RAM TRUCKS,RAM 3500 CREW CAB L/BOX 2WD DRW,10,652,244,N/A,431,3165,135,387,50,97,134,100,121,175,N/A,N/A
RAM TRUCKS,RAM 3500 CREW CAB L/BOX 2WD SRW,10,652,202,N/A,431,2959,135,387,50,97,134,100,121,175,174,N/A
RAM TRUCKS,RAM 3500 CREW CAB L/BOX 4WD DRW,10,652,244,N/A,431,3324,135,387,50,97,134,100,121,175,N/A,N/A
RAM TRUCKS,RAM 3500 CREW CAB L/BOX 4WD SRW,10,652,202,N/A,431,3134,135,387,50,97,134,100,121,175,174,N/A
RAM TRUCKS,RAM 3500 CREW CAB S/BOX 2WD,10,595,202,N/A,379,2908,135,330,50,97,134,100,116,175,174,N/A
RAM TRUCKS,RAM 3500 CREW CAB S/BOX 4WD,10,595,202,N/A,379,3054,135,330,50,97,134,100,116,175,174,N/A
RAM TRUCKS,RAM 3500 MEGA CAB S/BOX 2WD DRW,10,624,244,N/A,408,3273,135,359,50,97,134,100,116,175,N/A,N/A
RAM TRUCKS,RAM 3500 MEGA CAB S/BOX 2WD SRW,10,624,202,N/A,408,3021,135,359,50,97,134,100,116,175,174,N/A
RAM TRUCKS,RAM 3500 MEGA CAB S/BOX 4WD DRW,10,624,244,N/A,408,3363,135,359,50,97,134,100,116,175,N/A,N/A
RAM TRUCKS,RAM 3500 MEGA CAB S/BOX 4WD SRW,10,624,202,N/A,408,3150,135,359,50,97,134,100,116,175,174,N/A
RAM TRUCKS,RAM 3500 REG CAB L/BOX 2WD DRW,10,577,244,N/A,356,2909,135,290,50,97,134,100,121,175,N/A,N/A
RAM TRUCKS,RAM 3500 REG CAB L/BOX 2WD SRW,10,577,202,N/A,356,2732,135,290,50,97,134,100,121,175,174,N/A
RAM TRUCKS,RAM 3500 REG CAB L/BOX 4WD DRW,10,577,244,N/A,356,3080,135,290,50,97,134,100,121,175,N/A,N/A
RAM TRUCKS,RAM 3500 REG CAB L/BOX 4WD SRW,10,577,202,N/A,356,2889,135,290,50,97,134,100,121,175,174,N/A
RAM TRUCKS,RAM CARGO VAN BASE,08,514,200,175,308,1882,102,219,47,89,135,96,111,166,165,56/44
ROLLS-ROYCE,DAWN,17,528,195,150,311,2635,N/A,N/A,N/A,N/A,N/A,N/A,N/A,162,167,50/50
ROLLS-ROYCE,GHOST 4DR SEDAN RWD,11,540,195,155,330,2490,N/A,N/A,N/A,N/A,N/A,N/A,N/A,162,169,51/49
ROLLS-ROYCE,GHOST EXTENDED 4DR SEDAN RWD,11,557,195,155,347,2520,N/A,N/A,N/A,N/A,N/A,N/A,N/A,162,169,51/49
ROLLS-ROYCE,PHANTOM 4DR SEDAN RWD,04,584,199,164,357,2649,N/A,N/A,N/A,N/A,N/A,N/A,N/A,169,168,N/A
ROLLS-ROYCE,PHANTOM COUPE 2DR COUPE RWD,08,561,199,160,332,2629,N/A,N/A,N/A,N/A,N/A,N/A,N/A,169,167,N/A
ROLLS-ROYCE,PHANTOM DROPHEAD COUPE 2DR CONVERTIBLE RWD,08,561,199,158,332,2719,N/A,N/A,N/A,N/A,N/A,N/A,N/A,169,167,N/A
ROLLS-ROYCE,PHANTOM EXTENDED 4DR SEDAN RWD,04,609,199,164,382,2694,N/A,N/A,N/A,N/A,N/A,N/A,N/A,169,168,N/A
ROLLS-ROYCE,WRAITH 2DR COUPE RWD,14,528,195,150,311,2440,N/A,N/A,N/A,N/A,N/A,N/A,N/A,162,167,50/50
SMART,FORTWO 2DR COUPE,16,270,166,156,187,930,51,40,36,89,101,42,41,144,142,45/55
SUBARU,BRZ 2DR COUPE,12,424,178,132,257,1254,133,55,31,72,108,85,82,152,154,55/45
SUBARU,FORESTER 4DR SUV 2.0XT,13,460,180,174,264,1649,121,160,42,86,115,96,100,155,155,57/43
SUBARU,FORESTER 4DR SUV 2.5i,13,460,180,174,264,1498,121,160,42,86,115,96,100,155,155,57/43
SUBARU,IMPREZA 4DR SEDAN,17,463,178,146,267,1376,122,45,38,82,110,97,100,154,155,60/40
SUBARU,IMPREZA 5DR HATCH,17,446,178,148,267,1382,122,144,38,82,110,97,83,154,155,60/40
SUBARU,LEGACY 4DR SEDAN 2.5i AWD,15,480,184,150,275,1543,132,49,36,84,111,101,104,158,160,59/41
SUBARU,LEGACY 4DR SEDAN 3.6R AWD,15,480,184,150,275,1677,132,49,36,84,111,101,104,158,160,59/41
SUBARU,OUTBACK 4DR WAGON AWD 2.5i,15,482,184,168,275,1614,132,168,36,84,111,101,108,157,158,57/43
SUBARU,OUTBACK 4DR WAGON AWD 3.6R,15,482,184,168,275,1744,132,168,36,84,111,101,108,157,158,57/43
SUBARU,WRX 4DR SEDAN,17,459,178,147,265,1543,120,45,36,83,111,95,99,153,154,60/40
SUBARU,WRX STI 4DR SEDAN,17,459,178,147,265,1528,120,45,36,83,111,95,99,153,154,60/40
SUBARU,XV CROSSTREK HYBRID,13,445,178,162,263,1595,123,140,36,82,118,97,85,153,153,59/41
SUBARU,XV CROSSTREK TOURING/SPORT/LIMITED,13,445,178,162,263,1455,123,140,36,82,118,97,85,153,153,59/41
TESLA,MODEL S 4DR SEDAN AWD,13,497,196,144,296,2254,137,39,33,84,123,93,108,166,170,51/49
TESLA,MODEL S 4DR SEDAN RWD,13,497,196,144,296,2112,137,39,33,84,123,93,108,166,170,47/53
TESLA,MODEL X 4DR SUV AWD,16,503,201,168,297,2390,124,125,44,97,131,98,109,166,170,49/51
TOYOTA,4RUNNER 4DR SUV 4WD LIMITED V6,10,482,193,182,279,2180,133,181,40,93,121,91,112,161,161,54/46
TOYOTA,4RUNNER 4DR SUV 4WD SR5 V6,10,482,193,178,279,2111,133,181,40,93,121,91,112,160,160,54/46
TOYOTA,4RUNNER 4DR SUV 4WD TRAIL EDITION V6,10,482,193,188,279,2155,133,181,40,93,121,91,112,160,160,54/46
TOYOTA,86 2DR COUPE,17,424,178,129,257,1251,133,55,31,72,108,85,82,152,154,55/45
TOYOTA,AVALON 4DR SEDAN,13,496,184,146,282,1610,125,51,35,82,109,98,116,159,158,61/39
TOYOTA,CAMRY 4DR SEDAN,15,485,182,147,278,1467,125,55,32,87,106,99,109,159,158,62/38
TOYOTA,CAMRY HYBRID 4DR SEDAN,15,485,182,147,278,1550,125,55,32,87,106,99,109,159,158,60/40
TOYOTA,CAMRY V6 4DR SEDAN,15,485,182,147,278,1552,125,55,32,87,106,99,109,159,158,62/38
TOYOTA,COROLLA 4DR SEDAN,14,464,178,146,270,1265,117,50,35,80,99,97,98,152,152,61/39
TOYOTA,COROLLA iM 5DR HATCHBACK,17,433,176,141,260,1335,116,140,35,84,99,96,78,151,150,61/39
TOYOTA,HIGHLANDER AWD 4DR SUV,17,489,193,173,279,2030,127,86,39,89,115,100,111,163,163,55/45
TOYOTA,HIGHLANDER FWD 4DR SUV,17,489,193,173,279,1965,127,86,39,89,115,100,111,163,163,55/45
TOYOTA,HIGHLANDER HYBRID 4DR SUV,17,489,193,173,279,2220,127,86,39,89,115,100,111,163,163,55/45
TOYOTA,PRIUS 5DR LIFTBACK,16,454,176,147,270,1390,110,97,39,80,107,95,89,153,153,60/40
TOYOTA,PRIUS C 5DR HATCHBACK,13,400,170,145,255,1132,96,137,37,79,96,81,64,145,144,61/39
TOYOTA,PRIUS V 5DR HATCHBACK,12,462,178,158,278,1505,109,179,40,86,109,93,91,154,155,59/41
TOYOTA,RAV4 AWD 4DR SUV,16,460,185,171,266,1610,125,170,36,89,112,94,100,157,157,58/42
TOYOTA,RAV4 FWD 4DR SUV,16,460,185,171,266,1555,125,170,36,89,112,94,100,157,157,58/42
TOYOTA,RAV4 HYBRID,16,460,185,171,266,1765,125,170,36,89,112,94,100,157,157,58/42
TOYOTA,SEQUOIA 4DR SUV 4WD,08,521,203,196,310,2707,116,223,45,97,134,89,122,173,176,51/49
TOYOTA,SIENNA AWD V6,10,508,198,181,303,2115,102,223,45,89,126,95,110,172,172,56/44
TOYOTA,SIENNA BASE/LE FWD,10,508,198,180,303,2010,102,223,45,89,126,95,110,172,172,57/43
TOYOTA,SIENNA SE/LIMITED FWD,10,508,198,180,303,2090,102,223,45,89,126,95,110,172,172,57/43
TOYOTA,TACOMA ACCESS CAB L/BOX 4WD,16,539,190,179,324,1873,141,281,39,80,113,93,121,160,161,58/42
TOYOTA,TACOMA ACCESS CAB L/BOX 4WD V-6,16,539,190,179,324,1927,141,281,39,80,113,93,121,160,161,58/42
TOYOTA,TACOMA ACCESS CAB L/BOX RWD,16,539,189,179,324,1775,141,281,39,80,113,93,121,160,161,58/42
TOYOTA,TACOMA DOUBLE CAB L/BOX 4WD (AUTO),16,572,190,179,357,1975,141,314,39,80,113,93,121,160,161,58/42
TOYOTA,TACOMA DOUBLE CAB S/BOX 4WD (MANUAL),16,539,190,179,324,1984,141,281,39,80,113,93,121,160,161,58/42
TOYOTA,TUNDRA CREW MAX S/BOX 4WD SR5/PLATINUM,14,574,203,193,370,2555,121,311,46,94,133,90,113,173,173,58/42
TOYOTA,TUNDRA DOUBLE CAB L/BOX 4WD,14,622,203,194,418,2540,121,359,46,94,133,90,113,173,173,58/42
TOYOTA,TUNDRA DOUBLE CAB M/BOX 2WD SR5 4.6L,14,574,203,193,370,2310,121,311,46,94,133,90,113,173,173,58/42
TOYOTA,TUNDRA DOUBLE CAB M/BOX 4WD SR5 4.6L/SR5 5.7/,14,574,203,194,370,2450,121,311,46,94,133,90,113,173,173,58/42
TOYOTA,TUNDRA REG CAB L/BOX 2WD,14,574,203,194,370,2230,121,280,46,94,133,90,113,173,173,58/42
TOYOTA,TUNDRA REG CAB L/BOX 4WD,14,574,203,193,370,2360,121,280,46,94,133,90,113,173,173,58/42
TOYOTA,VENZA 4DR SUV AWD,09,480,191,161,278,1790,105,169,37,87,117,92,110,163,164,57/43
TOYOTA,VENZA 4DR SUV AWD V6,09,480,191,161,278,1835,105,169,37,87,117,92,110,163,164,57/43
TOYOTA,VENZA 4DR SUV FWD,09,480,191,161,278,1705,105,169,37,87,117,92,110,163,164,57/43
TOYOTA,YARIS 3DR HATCHBACK,15,395,170,151,251,1030,91,N/A,41,78,99,81,63,149,147,62/38
TOYOTA,YARIS 4DR SEDAN,16,436,170,149,257,1095,118,45,36,81,103,85,95,148,147,61/39
TOYOTA,YARIS 5DR HATCHBACK LE/SE,15,395,170,151,251,1085,91,115,41,78,99,81,63,149,147,62/38
VOLKSWAGEN,BEETLE 2DR CONVERTIBLE,13,428,181,147,254,1463,118,47,33,82,127,88,86,158,155,63/37
VOLKSWAGEN,BEETLE 2DR COUPE 1.8 TSI,12,428,181,149,254,1337,118,44,33,82,111,88,86,158,155,63/37
VOLKSWAGEN,CC 4DR COUPE SPORTLINE/HIGHLINE 2.0 TSI,13,480,186,142,271,1527,129,56,30,80,118,97,112,155,155,59/41
VOLKSWAGEN,GOLF 2DR GTI HATCH,15,425,180,145,263,1378,116,N/A,37,78,108,85,77,154,152,60/40
VOLKSWAGEN,GOLF 2DR HATCH 1.8 TSI,15,425,180,145,263,1318,116,N/A,37,78,108,85,77,154,151,60/40
VOLKSWAGEN,GOLF 4DR ALLTRACK,15,456,180,152,263,1445,116,168,37,78,94,85,107,155,152,59/41
VOLKSWAGEN,GOLF 4DR GTI / R HATCH,15,425,180,145,263,1378,116,140,37,78,108,85,77,154,152,60/40
VOLKSWAGEN,GOLF 4DR HATCH 1.8 TSI,15,425,180,145,263,1318,116,140,37,78,108,85,77,154,151,60/40
VOLKSWAGEN,GOLF 4DR SPORTWAGON,15,456,180,148,263,1445,116,168,37,78,94,85,107,155,152,59/41
VOLKSWAGEN,JETTA 4DR SEDAN 1.8L TSI,15,465,178,145,265,1364,122,51,36,79,107,91,109,154,154,60/40
VOLKSWAGEN,JETTA 4DR SEDAN 2.0L,15,465,178,145,265,1272,122,51,36,79,107,91,109,154,154,60/40
VOLKSWAGEN,JETTA 4DR SEDAN TURBO HYBRID,15,465,178,145,265,1502,122,51,36,79,107,91,109,154,155,60/40
VOLKSWAGEN,JETTA GLI 4DR SEDAN 2.0L,15,465,178,145,265,1417,122,51,36,79,107,91,109,153,153,60/40
VOLKSWAGEN,PASSAT 1.8L TSI 4DR SEDAN,11,487,184,147,280,1439,121,54,35,79,113,91,114,156,153,60/40
VOLKSWAGEN,PASSAT VR6 4DR SEDAN,11,487,184,147,280,1563,121,54,35,79,113,91,114,156,153,59/41
VOLKSWAGEN,TIGUAN 2.0 4MOTION 4DR SUV,12,443,181,170,260,1629,114,146,42,81,116,93,90,157,157,57/43
VOLKSWAGEN,TIGUAN 2.0 FWD 4DR SUV,12,443,181,170,260,1539,114,146,42,81,116,93,90,157,157,57/43
VOLKSWAGEN,TOUAREG 3.6L VR6 4DR SUV AWD,11,480,194,173,289,2130,139,157,38,87,122,92,98,164,164,53/47
VOLVO,S60 4DR SEDAN T5/T6 AWD,11,464,187,148,278,1749,127,50,35,83,112,94,92,159,159,62/38
VOLVO,S60 4DR SEDAN T5/T6 FWD,11,464,187,148,278,1658,127,50,35,83,112,94,92,159,159,62/38
VOLVO,S60 CROSS COUNTRY 4DR SEDAN,11,464,187,154,278,1757,127,50,35,83,112,94,92,162,158,62/38
VOLVO,S90 4DR SEDAN T5 AWD,17,496,189,144,294,1840,137,57,37,81,112,88,115,163,163,56/44
VOLVO,S90 4DR SEDAN T5 FWD,17,496,189,144,294,1759,137,57,37,81,112,88,115,163,163,56/44
VOLVO,S90 4DR SEDAN T6 AWD,17,496,189,144,294,1880,137,57,37,81,112,88,115,163,163,56/44
VOLVO,S90 4DR SEDAN T8 eAWD PHEV,17,496,189,144,294,2081,137,57,37,81,112,88,115,163,163,56/44
VOLVO,V60 4DR WAGON T5 AWD,14,464,186,148,278,1634,126,166,34,83,103,95,91,159,159,62/38
VOLVO,V60 4DR WAGON T5 DRIVE-E FWD,14,464,186,148,278,1689,126,166,34,83,103,95,91,159,159,62/38
VOLVO,V60 4DR WAGON T6 AWD,14,464,186,148,278,1822,126,166,34,83,103,95,91,159,159,62/38
VOLVO,V60 CROSS COUNTRY 4DR WAGON T5 AWD,14,464,186,155,278,1634,126,166,34,83,103,95,91,162,158,62/38
VOLVO,V90 4DR WAGON,17,494,189,144,294,N/A,137,117,37,79,102,88,113,163,163,N/A
VOLVO,V90 CROSSCOUNTRY 4DR WAGON,17,494,189,151,294,N/A,137,117,37,79,102,88,113,163,163,N/A
VOLVO,XC60 4DR SUV T5 AWD/T6 AWD/T6 R-DESIGN AWD,09,464,189,171,277,1935,110,165,37,86,106,91,93,163,159,58/42
VOLVO,XC60 4DR SUV T5 DRIVE-E/T6 DRIVE-E FWD,09,464,189,171,277,1820,110,165,37,86,106,91,93,163,159,58/42
VOLVO,XC90 4DR SUV AWD T5,16,495,201,178,298,2030,136,183,43,95,118,89,108,167,167,53/47
VOLVO,XC90 4DR SUV AWD T6,16,495,201,178,298,2101,136,183,43,95,118,89,108,167,167,53/47
VOLVO,XC90 4DR SUV AWD T8 PHEV,16,495,201,178,298,2320,136,183,43,95,118,89,108,167,167,53/47
VOLVO,XC90 4DR SUV FWD T5,16,495,201,178,298,1967,136,183,43,95,118,89,108,167,167,53/472
T